location_id,name,type_id,sTRSS,latitude,longitude,owner_id
1,PoeCorn,2,,33.613507745151,-104.519169218838,
2,TransWestern,2,,33.5924283752,-104.518961682916,
3,Berrendo-Smith,2,,33.438,-104.512,
4,LFD,2,,33.373029848637,-104.46614919662,
5,OrchardPark,2,,33.257,-104.415,
6,Greenfield,2,,33.16818643207846,-104.43742880081622,
7,Bartlett,2,,33.07014846801758,-104.37718963623047,
8,Cottonwood,2,,32.98,-104.521,
9,Zumwalt,2,,32.880372093723246,-104.42966573225806,
10,Artesia,2,,32.779409,-104.428663,
11,headquarters,1,,33.39467308099902,-104.49045710307567,
12,2417 POD 2,2,8.24.28.413,,,53
13,827,2,18.26.16.211,32.754555555555555,104.38641666666668,
14,410-S,2,13.26.30.133,33.16280555555556,104.38708333333334,
15,2769,2,11.23.22.334,33.33572222222222,104.6085,
16,1424-A,2,16.25.11.133,,,23
17,379-S2,2,13.26.31.211,33.15394444444444,104.3784722222222,
18,352,2,12.25.26.311,33.24827777777778,104.42113888888888,
19,1158-S,2,14.25.12.134,,,
20,1956-A,2,10.24.28.424,33.414138888888886,104.50672222222222,
21,252,2,12.25.3.221,33.30455555555555,104.4275,
22,8074,2,19.26.20.222,32.65291666666666,104.39558333333332,
23,38A,2,10.24.17.321,33.44283333333333,104.53597222222224,
24,1396,2,14.26.18.131,33.105583333333335,104.38741666666668,
25,1540 -AE,2,10.24.15.122,33.44730555555555,104.49741666666668,
26,1204-S4,2,14.25.25.111,33.08094444444445,104.40455555555556,
27,1226,2,16.26.7.321,32.93677777777778,104.42536111111112,
28,1278 AS5,2,16.26.6.233,32.96072222222222,104.41997222222224,
29,1474,2,18.26.33.134,,,
30,1378,2,11.25.19.434,,,
31,1417-B,2,10.25.31.31443,33.39897222222222,104.4495,
32,1302-S,2,16.26.5.341,32.94822222222222,104.408,
33,1259-S3,2,14.25.14.333,33.097861111111115,104.42211111111112,
34,1355-A,2,13.25.13.311,,,
35,1427 POD 6,2,15.24.35.324,33.11719444444444,104.36902777777776,
36,1349,2,11.24.7.124,33.37661111111111,104.55066666666666,
37,664,2,10.24.23.231,33.43344444444444,104.47908333333334,
38,2414 POD 8,2,7.26.20.134,33.69372222222222,104.3243611111111,44
39,1458-S2,2,16.25.13.133,32.92261111111111,104.44533333333334,
40,194 C,2,10.24.27.311,33.41588888888889,104.50452777777778,
41,1152,2,13.26.16.114,33.194694444444444,104.3501111111111,
42,1246-A,2,11.24.13.144,,,127
43,905,2,10.24.15.131,33.44855555555555,104.50572222222222,
44,1925-S,2,17.26.29.111,,,
45,1254-S4,2,14.26.28.222,33.081250000000004,104.33605555555556,
46,1428-A;1879,2,11.23.1.433,33.37975,104.56641666666668,
47,1186;1481,2,16.25.12.224,32.94211111111111,104.432,
48,1188,2,14.26.15.333,33.095888888888894,104.33572222222222,
49,1371-A,2,17.26.26.313,32.80277777777778,104.36080555555554,38
50,1337-C,2,12.25.7.233,33.29269444444444,104.48352777777778,
51,1697,2,11.24.20.331,33.33916666666667,104.54152777777776,
52,1428-BS5,2,11.24.12.231,32.374027777777776,104.46069444444444,
53,1174,2,11.25.19.43313,33.34061111111112,104.43766666666669,
54,5417,2,14.26.16.314,33.10127777777778,104.35105555555556,
55,1391,2,13.25.12.131,33.20697222222223,104.40511111111113,
56,1165-S6,2,14.25.24.1134,,,
57,1417-C;1417-CC,2,12.25.26.232,33.25077777777778,104.41022222222225,
58,1580,2,16.26.6.133,32.951750000000004,104.42922222222222,
59,1278 AS,2,16.26.6.113,32.96366666666667,104.42655555555557,
60,126,2,10.24.35.341,,,
61,1293,2,11.25.29.343,33.321111111111115,104.42844444444444,235
62,1165-S3,2,14.25.24.113,33.091972222222225,104.40488888888888,152
63,1418-S2,2,13.25.24.33342,33.16941666666666,104.4041388888889,
64,1535-S,2,17.26.31.131,32.79391666666667,104.42975,
65,1379,2,13.25.13.433,33.183388888888885,104.396,
66,1417 1478 POD 2,2,12.25.25.413,33.24605555555556,104.39686111111112,
67,1519-S,2,11.25.31.23331,33.31513888888889,104.44186111111112,
68,1387-S7,2,12.25.2.121,33.304361111111106,104.43225,
69,1491-S,2,17.26.27.222,,,38
70,1495,2,12.26.31.233,33.23419444444445,104.37944444444445,
71,1054,2,18.26.15.113,32.752722222222225,104.37825,17
72,1412-C,2,17.26.28.441,32.80316666666666,104.3816111111111,
73,880,2,10.24.26.313,33.41297222222222,104.48808333333334,
74,1456,2,15.25.35.311,32.971944444444446,104.41936111111112,
75,1683-S2,2,19.26.12.321,32.673944444444444,104.33844444444443,
76,785,2,17.26.14.443,32.82944444444445,104.34788888888887,
77,114-S2,2,11.25.29.431,33.322972222222226,104.42341666666668,235
78,308-309A,2,14.25.15.433,,,
79,1213,2,14.26.8.342,33.11388888888889,104.363,
80,14,2,16.26.27.331,32.889833333333335,104.37763888888888,113
81,960,2,12.25.23.111,33.27030555555555,104.42308333333334,
82,991,2,11.24.15.244,33.358000000000004,104.48816666666669,38
83,1836,2,11.23.2.414,33.38472222222222,104.58402777777778,
84,1470-S,2,11.24.15.343,33.35041666666667,104.49966666666668,
85,1335-B,2,11.24.28.413,33.325,104.51430555555557,
86,4991,2,10.23.11.44,,,
87,337,2,11.25.18.313,33.354083333333335,104.45030555555556,
88,1167,2,17.26.29.313,32.802527777777776,104.41216666666668,
89,1333-A,2,17.26.33.323,32.78861111111111,104.39036111111112,
90,2556,2,12.23.1.313,33.29558333333333,104.57708333333332,
91,89,2,13.25.2.433,33.21233333333333,104.41305555555556,
92,1505 POD 4,2,15.25.27.443,32.97938888888889,104.42408333333334,
93,821-S-3,2,17.25.5.433,32.85863888888889,104.50752777777778,
94,2456,2,8.24.5.343,,,
95,2556-S,2,12.23.1.324,33.29588888888889,104.56955555555555,
96,763-1180,2,17.26.14.133,32.83577777777778,104.36061111111113,38
97,1198-S,2,14.26.28.132,33.07702777777778,104.3505,203
98,1069-S3,2,15.25.32.431,32.96716666666667,104.46463888888889,
99,1014-A,2,11.24.22.111,33.349805555555555,104.50466666666668,
100,10266,2,13.26.28.122,,,
101,4671,2,11.24.29.411,33.32761111111112,104.53208333333332,
102,1589-C,2,16.25.1.342,32.95491666666667,104.43972222222224,
103,531-S2,2,11.25.22.331,33.33844444444445,104.39763888888888,
104,1481-S2,2,16.25.12.1431,32.93872222222222,104.44269444444444,
105,990;136;136-B,2,10.24.34.221,,,
106,1298-S,2,18.26.7.234,32.76416666666667,104.41886111111111,38
107,1204,2,14.25.25.1313,33.07527777777778,104.40433333333334,
108,1130,2,10.24.17.343,33.438138888888886,104.53627777777776,
109,4222,2,11.24.12.321,,,
110,1423-S2,2,16.25.12.412,32.93705555555555,104.43527777777778,
111,544,2,11.25.29.444,33.322500000000005,104.41763888888887,
112,1314-POD4,2,12.25.36.13113,33.23697222222222,104.40563888888887,
113,1583,2,11.25.6.123,33.39211111111111,104.44697222222224,
114,1328,2,13.25.3.221,33.226222222222226,104.4267777777778,
115,0941-A-E,2,16.26.23.234,32.909388888888884,104.35194444444444,
116,1530-S-2,2,12.25.22.231,33.264472222222224,104.4316388888889,
117,1449,2,12.25.36.14143,,,
118,3181,2,18.26.17.322,32.74613888888889,104.40508333333334,
119,1402;1328,2,13.25.1.313,,,
120,5032,2,11.25.18.144,33.35772222222222,104.44711111111113,33
121,"82,584;717-S",2,13.25.27.142,33.434777777777775,104.43477777777778,
122,476-A,2,11.24.23.3122,33.342305555555555,104.48372222222224,
123,4233-S2,2,11.24.11.344,33.365,104.48116666666668,
124,1516,2,11.25.8.331,32.36866666666667,104.43302777777778,127
125,1414,2,17.26.11.311,32.84908333333333,104.36066666666666,
126,745,2,17.26.26.121,32.814055555555555,104.35672222222222,
127,1472-S2,2,11.23.7.333,33.36513888888889,104.55880555555557,
128,690,2,11.24.14.343,33.35088888888889,104.48191666666666,
129,3200-S5,2,19.26.28.432,32.627833333333335,104.38322222222222,
130,1255-A,2,13.26.29.412,,,
131,1752;1182,2,11.25.30.233,33.329,104.44186111111112,
132,2461,2,8.24.15.113,33.62583333333333,104.5021111111111,
133,308-309-A,2,14.25.22.233,33.089083333333335,104.42961111111111,203
134,1112,2,11.24.11.123,,,
135,1250-D,2,11.25.15.142,,,
136,1295,2,16.26.16.311,32.921277777777775,104.39497222222222,
137,1687,2,20.26.8.142,32.59125,104.40416666666668,
138,1167-731B,2,18.26.6.333,32.77013888888889,104.41338888888887,
139,83,2,11.25.21.233,33.345333333333336,104.40719444444446,
140,283-S,2,16.24.12.313,32.93519444444444,104.54944444444445,
141,3843-S2,2,15.23.22.212,33.007083333333334,104.63277777777778,
142,1048,2,11.25.8.143,33.372527777777776,104.42963888888887,
143,434,2,20.26.5.113,,,
144,1879,2,11.23.1.413,33.38338888888889,104.5675,198
145,489,2,14.25.1.122,33.13944444444444,104.39588888888888,
146,1329-S,2,14.26.7.343,33.11125,104.3835277777778,
147,1588-A,2,16.25.25.111,32.90069444444444,104.4383888888889,
148,633-A;633-AS,2,15.26.21.232,,,
149,1487-A,2,16.26.30.421,32.88872222222222,104.42122222222224,
150,1424-S3,2,16.25.10.411,32.93702777777777,104.47225,
151,407,2,10.24.27.431,33.412166666666664,104.48319444444444,
152,448 POD3,2,11.24.14.231,,,
153,1296-S-4,2,18.26.14.331,32.743972222222226,104.36116666666666,17
154,1903-S,2,17.26.5.141,32.866166666666665,104.40822222222222,
155,705 POD 2,2,13.25.13.324,,,
156,9,2,16.26.30.222,32.90069444444444,104.41425,
157,1314,2,12.25.36.133,33.23408333333333,104.40480555555555,
158,1250-A,2,14.26.17.112,33.10830555555556,104.36758333333331,
159,133;1111,2,11.25.19.344,33.33636111111112,104.44408333333334,
160,1427,2,16.25.6.223,32.96111111111112,104.51733333333333,
161,1296-S2,2,18.26.23.132,32.73638888888889,104.35902777777775,17
162,896-B,2,10.24.22.114,33.43783333333333,104.50363888888889,
163,1409,2,13.26.19.414,,,
164,164,2,13.26.31.131,33.14841666666667,104.38730555555556,
165,376-A,2,12.25.26.111,33.255722222222225,104.42177777777778,
166,1331,2,17.26.10.133,32.85111111111111,104.37802777777776,38
167,382,2,18.26.4.433,32.771388888888886,104.38591666666667,
168,1171,2,18.26.10.431,32.757333333333335,104.3696111111111,
169,1387-S3,2,11.25.33.313,33.311388888888885,104.41516666666668,
170,820,2,17.26.17.223,32.83936944444444,104.399625,
171,271-S2,2,11.25.32.113,33.31877777777778,104.43263888888887,
172,3128,2,9.24.11.141,33.550444444444445,104.47891666666666,
173,1333-B,2,18.26.15.133,32.749472222222224,104.38144444444444,17
174,967,2,10.24.18.233,33.44558333333333,104.54977777777778,
175,420-POD7,2,11.24.13.244,33.35761111111111,104.45291666666668,
176,10675/ 637B,2,14.25.13.311,33.10163888888889,104.40438888888887,
177,1507,2,11.25.31.223,33.317527777777784,104.43725,
178,10616,2,13.26.27.133,33.16283333333333,104.33591666666666,
179,1221,2,14.26.6.232,33.13491666666667,104.3771111111111,38
180,2464,2,8.24.22.142,33.60963888888889,104.45983333333334,
181,1228-S,2,14.26.28.113,33.07875000000001,104.35297222222222,203
182,361,2,13.26.18.23,33.19283333333333,104.3774722222222,
183,5022-X10,2,12.26.31.22244,33.23941666666667,104.37161111111112,
184,1543,2,13.25.15.312,33.19008333333333,104.436,
185,3584,2,10.24.8.433,,,
186,1297-B-S-3,2,12.25.11.000,33.28822222222222,104.40961111111112,
187,1159-S,2,14.25.12.341,33.1135,104.39908333333334,
188,1500-S8,2,12.25.35.311,33.23405555555556,104.42158333333334,
189,1572 S,2,11.25.28.333,33.322027777777784,104.4140277777778,
190,1928-S,2,16.26.31.334,,,
191,4969,2,10.24.4.L.10,,,
192,407AC 407AD,2,10.24.27.342,33.41569444444444,104.49680555555555,
193,1329-S2,2,14.26.7.323,33.17241666666666,104.38780555555556,
194,186 B,2,10.24.28.423,,,13
195,3121,2,9.24.22.434,33.512388888888886,104.48977777777776,
196,3131-S2,2,8.24.35.241,33.58005555555556,104.47052777777778,
197,1419-AA,2,13.26.33.233,33.14677777777778,104.34252777777778,
198,1955,2,LAKE ARTHUR WELL FIELD,33.00797222222222,104.41183333333332,
199,1065,2,15.25.23.122,33.00827777777778,104.41497222222225,
200,1955-S,2,15.25.23.241,33.00658333333333,104.41130555555556,
201,1716-S,2,17.27.16.344,32.82758333333334,104.28455555555556,
202,1428,2,11.24.10.141,,,
203,7940,2,10.23.23.231,33.43072222222222,104.58525,
204,1387-S2,2,11.25.33.231,33.31536111111111,104.40558333333334,
205,1131-S,2,13.26.31.311,,,
206,1263-F,2,12.25.12.343,33.28525,104.40169444444444,
207,1132-S7,2,14.25.24.112,33.09630555555556,104.4028888888889,
208,1191,2,13.25.25.113,33.38713888888889,104.49283333333334,
209,456-S-3,2,11.25.33.131,33.31597222222222,104.41472222222222,
210,1191;1191SA,2,13.25.25.311,33.16097222222222,104.40469444444444,
211,1542-S3,2,13.25.27.211,,,
212,1524-S,2,18.26.14.421,33.747194444444446,104.34675,
213,1012,2,11.24.26.224,33.33225,104.47022222222222,
214,1488-S,2,17.26.10.213,32.85452777777778,104.3693611111111,38
215,3132,2,9.24.2.433,33.559999999999995,104.46983333333334,
216,1887,2,11.24.12.331,33.367916666666666,104.46883333333334,
217,385,2,17.26.32.213,32.79527777777778,104.404,
218,882,2,13.25.15.211,33.19708333333333,104.43141666666668,
219,259,2,13.26.19.222,,,
220,1403,2,13.25.25.211,33.167361111111106,104.39641666666668,
221,2548,2,11.23.33.313,33.30997222222222,104.62997222222222,
222,886/52,2,17.26.21.234,32.82058333333334,104.3825,38
223,10;1168,2,18.26.10.313,32.75888888888889,104.37791666666666,
224,57;78,2,13.25.23.111,33.18244444444444,104.42161111111112,
225,496,2,11.25.32.333,33.30783333333333,104.43219444444443,
226,1069-S2,2,15.25.33.333,332.966,104.45625,
227,113,2,13.26.18.331,33.186527777777776,104.38716666666669,
228,821-S,2,17.26.18.312,32.8355,104.42494444444444,
229,5022-X9,2,14.26.7.222,33.12466666666667,104.37130555555557,
230,1101,2,11.25.29.133,33.32913888888889,104.43275,
231,"320,321-S",2,16.24.11.131,32.94094444444444,104.56769444444444,
232,3200-S6,2,19.26.33.421,32.61661111111111,104.38205555555555,2
233,379-S,2,13.26.31.214,33.15022222222222,104.37583333333332,
234,731-B,2,18.26.6.224,32.78191666666667,104.41341666666668,
235,2685,2,10.23.15.131,33.448277777777776,104.61219444444444,
236,994,2,13.25.23.311,33.175666666666665,104.4215,
237,206-A-S-3,2,10.23.23.421,33.430166666666665,104.58138888888888,
238,5560,2,13.26.31.443,,,
239,812/206-A,2,10.23.23.422,33.42825,104.55663888888888,
240,210-0 (POD 12),2,10.24.19.322,,,
241,11046,2,16.26.31.211,32.885222222222225,104.42066666666668,
242,11008,2,16.26.31.2114,32.88472222222222,104.41936111111112,
243,10335,2,13.25.17.332,33.184749999999994,104.47211111111112,
244,1248-A-S,2,13.25.3.443,33.21275,104.42555555555556,
245,1414C OR 1414CC,2,12.25.14.333,33.27088888888889,104.42244444444444,
246,1586-S,2,11.25.28.234,33.32938888888889,104.40475,61
247,1481-S4,2,16.25.11.213,32.94125,104.45555555555556,
248,163-S,2,15.25.33.11113,32.977805555555555,104.45613888888889,
249,329,2,11.24.2.111,33.39244444444444,104.48688888888888,
250,1424-S2,2,16.25.10.333,32.93044444444444,104.47547222222222,118
251,3121,2,9.24.15.444,33.52972222222222,104.476,
252,1455-S,2,16.26.19.211,32.91466666666666,104.42036111111112,
253,1376,2,16.25.1.441,32.955222222222226,104.43261111111111,
254,1335;3169-BS,2,11.24.20.344,33.344722222222224,104.52922222222222,193
255,1136-D-A,2,10.24.17.243,33.44594444444444,104.52708333333334,
256,1465,2,16.25.24.211,,,
257,679,2,10.24.28.223,,,
258,210-J,2,10.24.19.31144,33.409749999999995,104.49855555555555,
259,271,2,11.25.32.131,33.31716666666667,104.43222222222222,
260,476,2,11.24.6.331,33.38311111111111,104.55877777777778,
261,1419,2,14.26.29.441,33.07027777777778,104.35713888888888,
262,981-S2,2,10.24.19.413,,,
263,1447;1530-S2,2,12.25.27.221,33.256055555555555,104.42711111111112,
264,1447;1530-S,2,12.25.27.222,333.2559722222222,104.42455555555556,
265,2470-S,2,7.24.31.422,33.69455555555555,104.5503611111111,
266,1557-S-2,2,11.25.22.122,33.35033333333333,104.39361111111111,
267,1505,2,15.25.27.321,32.98441666666667,104.43458333333334,
268,1267-S3,2,14.25.1.314,33.129194444444444,104.40072222222224,
269,1368-S2,2,13.26.28.223,33.1665,104.34055555555555,
270,1586,2,11.25.28.214,33.328388888888895,104.40347222222223,61
271,1522-BS3,2,15.26.17.211,33.022527777777775,104.36155555555555,
272,552,2,16.24.1.311,32.951638888888894,104.55013888888888,
273,330,2,11.24.2.113,33.39055555555556,104.48791666666666,
274,1175,2,11.24.14.324,33.353972222222225,104.48122222222224,
275,1530-S,2,12.25.22.4113,33.26211111111111,104.4316388888889,
276,1232 &1286,2,12.26.19.331,33.259277777777775,104.38797222222225,
277,2420,2,16.26.19.411,32.90783333333333,104.41980555555556,
278,1448-S4,2,12.25.36.14222,,,
279,1314-S-2,2,12.25.36.32133,33.23247222222222,104.40069444444444,
280,4663-POD10,2,10.24.36.313,,,
281,1471,2,11.24.10.333,33.365722222222225,104.50505555555556,
282,1262-S-2,2,16.25.11.131,32.93958333333333,104.46311111111112,
283,4222-POD3,2,11.24.12.344,33.36486111111111,104.46280555555556,
284,1557 POD7,2,11.25.27.322,33.32797222222223,104.3891388888889,
285,1453 A,2,17.26.7.322,32.849805555555555,104.42222222222225,
286,4663-POD11,2,10.24.36.332,33.3965,104.46988888888887,
287,1159-S8,2,14.25.12.244,33.11936111111111,104.38836111111112,
288,1920 POD 3,2,11.24.14.314,33.35525,104.48516666666669,
289,401,2,17.26.15.413,32.832638888888894,104.36927777777775,
290,1979,2,16.26.6.2422,33.95319444444445,104.41261111111112,
291,59,2,11.25.23.311423,33.34141666666667,104.37841666666668,
292,271,2,11.25.32.133,33.313583333333334,104.43216666666667,166
293,1419-AAS,2,13.26.27.333,33.154222222222224,104.33619444444444,
294,1445-AS2,2,16.26.4.L-11,32.95558333333334,104.38908333333336,
295,1310-S,2,13.26.29.133,33.16144444444444,104.37063888888888,23
296,740-S,2,17.26.33.423,32.78822222222222,104.38230555555556,
297,812,2,17.26.23.321,32.82,104.3565,
298,1694-S POD 2,2,15.25.31.314,32.968805555555555,104.48838888888888,
299,1950,2,11.24.36.424,33.3105,104.4537777777778,
300,1547,2,17.26.19.313,32.81738888888889,104.42972222222222,
301,335,2,15.25.35.111,32.979083333333335,104.421,
302,2423,2,8.24.7.121,33.642,104.55311111111112,109
303,1428,2,11.24.12.414,32.36866666666667,104.45905555555557,
304,265,2,11.25.17.213,33.36266666666667,104.42347222222224,
305,"308,309 AS2",2,14.25.22.42244,33.087500000000006,104.42247222222224,203
306,1156,2,11.25.30.431,33.32441666666667,104.44194444444445,
307,1696-S2,2,10.25.31.311,33.398,104.45191666666668,
308,1684-S,2,12.25.11.223,33.296861111111106,104.41025,
309,1026,2,11.24.30.242,33.33177777777778,104.5423611111111,
310,592,2,17.26.26.211,32.813027777777776,104.352,
311,516pod-2,2,11.24.13.433,33.351,104.46069444444444,
312,1324-S-2,2,13.26.20.421,,,
313,2231,2,17.26.8.431,32.845666666666666,104.40236111111112,
314,546,2,13.25.23.211,33.18225,104.41302777777778,
315,495,2,13.25.13.244,33.19144444444444,104.39016666666669,
316,391-POD,2,20.25.14.224,32.57727777777778,104.44722222222222,
317,1324-S,2,13.26.19.333,,,
318,235,2,11.25.16.313,33.35586111111111,104.41483333333332,
319,206,2,10.24.19.233,33.43069444444444,104.54966666666668,
320,1520-H;1521-H,2,12.25.4.233,33.304472222222216,104.44358333333334,
321,747,2,18.26.18.332,32.74311111111111,104.42630555555556,
322,10817,2,20.25.12.111,,,
323,10898,2,20.25.1.312,32.60183333333333,104.44411111111113,
324,10818,2,20.25.12.231,,,
325,10929,2,20.26.7.213,,,
326,10718,2,20.25.13.213,,,
327,391-S-2,2,20.25.13.113,,,
328,10949,2,20.26.6.213,,,
329,3200,2,20.25.11.423,32.598194444444445,104.42030555555556,
330,10716,2,20.25.12.442,,,
331,3200-S-5,2,19.26.18.432,,,
332,8971/9995,2,12.25.10.134,33.29358055555555,104.43612777777778,
333,406-B-B,2,10.24.19.314,,,
334,10342 POD 2,2,16.25.25.441,32.887972222222224,104.43,
335,2461 B,2,9.24.31.131,33.49166666666667,104.55277777777778,
336,210M,2,10.24.19.332,,,
337,1069-BAA,2,15.25.34.212,32.97816666666667,104.4263888888889,
338,1455 POD 4,2,16.26.19.2113,32.91430555555555,104.42119444444444,
339,1302-A,2,16.26.8.111,,,
340,1518-S4,2,15.25.26.133,32.99036111111111,104.41969444444445,
341,1459,2,16.26.21.333,,,
342,1330,2,14.26.7.243,33.11844444444444,104.37516666666666,
343,1776,2,11.23.12.332,33.372277777777775,104.571,
344,1344-A,2,14.26.15.213,33.10808333333333,104.32688888888887,
345,10917,2,19.26.28.341,32.626916666666666,104.39072222222222,
346,10973,2,19.26.33.134,,,
347,786,2,17.26.14.331,32.83133333333333,104.36066666666666,
348,3200,2,20.26.6.431,32.59816666666667,104.4201388888889,
349,821-S2,2,17.25.24.114,32.82683333333334,104.43016666666666,
350,1020-S,2,15.25.35.213,32.97666666666667,104.41233333333334,
351,3381,2,13.25.2.221,,,
352,1557-POD6,2,11.25.22.432,33.33775,104.38594444444443,
353,1376 POD4,2,16.26.6.433,32.94472222222222,104.42116666666666,
354,504,2,10.24.29.113,33.42025,104.5389722222222,
355,161A,2,10.24.35.334,33.39805555555556,104.50488888888889,
356,813,2,19.26.14.233,32.66222222222222,104.35197222222222,
357,3679,2,13.25.13.233,33.190777777777775,104.39680555555556,
358,159,2,11.24.3.123,336.3906666666667,104.50111111111111,
359,2050 POD 2,2,17.26.15.141,32.83752777777778,104.37325,38
360,307 POD 4,2,17.26.10.124,32.85566666666667,104.36991666666664,38
361,1510-S4,2,11.25.9.2411,33.37408333333333,104.40122222222224,
362,2466,2,8.24.18.143,,,158
363,1284,2,13.25.11.411,33.198027777777774,104.41780555555556,
364,873,2,10.24.27.141,33.41222222222222,104.50119444444444,
365,8134-S,2,16.25.1 LOT 15,32.955083333333334,104.43586111111112,
366,8134,2,16.25.1.LOT 15,32.95502777777778,104.43566666666668,
367,821 POD 5,2,17.25.5.431,32.86177777777778,104.50747222222222,
368,1900,2,17.26.35.133,32.79277777777778,104.359,
369,8707,2,16.26.31.123,32.88261111111111,104.42480555555557,
370,1078,2,16.26.24.331,,,
371,1538-CD,2,12.25.7.4422,33.289138888888886,104.47772222222224,
372,4574-POD3,2,11.24.18.434,33.35136111111111,104.54677777777778,
373,2119,2,11.24.9.442,33.3675,104.50577777777778,
374,11337,2,10.24.8.312,33.45863888888889,104.53727777777776,
375,9800,2,10.23.22.241,33.4385,104.605,
376,969-A-B,2,10.24.8.311,33.45855555555556,104.5388611111111,
377,1506-G,2,11.25.30.31444,33.32497222222223,104.4465277777778,
378,7770,2,17.25.3.144,,,
379,1132-S6,2,14.25.13.231,33.10613888888889,104.39630555555556,
380,835 POD2,2,10.24.27.242,33.41952777777777,104.48919444444444,
381,1500-S6,2,12.25.35.11333,,,
382,5025-S,2,11.25.19.233,33.343333333333334,104.4425,
383,1253POD5,2,16.26.18.322,32.92008333333333,104.42136111111112,
384,210-E-A,2,10.24.19.323,33.42736111111111,104.55277777777778,
385,1461 POD4,2,13.25.14.311,,,
386,9146,2,12.25.10.143,33.293055555555554,104.43552777777778,
387,617 POD 3,2,17.26.15.430,32.83063888888889,104.36733333333332,
388,3133-S,2,9.24.14.413,33.529694444444445,104.476,
389,959-S,2,10.24.17.141,33.44880555555555,104.53633333333332,
390,896 S,2,10.24.22.131,33.432916666666664,104.50522222222222,
391,1487-AE,2,16.26.30.42,32.892694444444444,104.41480555555556,
392,583A POD3,2,13.26.17.333,33.183138888888884,104.37066666666666,
393,600,2,16.25.3.121,32.96413888888889,104.4772777777778,
394,2684 POD2,2,10.23.23.221,33.43733333333333,104.58061111111112,
395,404 POD9,2,16.25.4.111,,,
396,1271,2,11.25.31.311,33.31305555555555,104.45141666666667,
397,406-BC,2,10.24.19.331,33.42827777777777,104.55669444444445,
398,1920,2,11.24.14.321,33.35627777777778,104.48333333333332,
399,1465,2,16.25.13.344,32.9155,104.43872222222222,116
400,1423,2,16.25.13.224,32.92647222222222,104.43094444444444,
401,1423POD4,2,16.26.18.113,32.92680555555555,104.42936111111112,
402,1232-AAS,2,12.26.30.133,33.25011111111111,104.3883888888889,165
403,1461-S,2,12.25.34.211,33.23972222222222,104.43158333333334,
404,407-A,2,10.24.27.341,33.41225,104.50119444444444,
405,1481-S5,2,16.25.11.2133,32.940777777777775,104.45575,
406,1589 POD3,2,16.25.1.311,32.95458333333334,104.44683333333332,
407,4238-S2,2,11.25.5.321,,,
408,585,2,18.26.15.111,32.754777777777775,104.37819444444445,
409,1777,2,10.23.27.111,33.42011111111111,104.60863888888888,
410,2589,2,11.24.29.1414,33.329861111111114,104.53422222222224,
411,281,2,16.26.19.133,32.90858333333333,104.42936111111112,48
412,1425 into 9497,2,20.26.6.233,32.60633333333333,104.41736111111112,
413,11643,2,17.26.19.412,32.82072222222222,104.41366666666669,38
414,525,2,15.25.24.211,33.007888888888886,104.39161111111112,
415,1537-S5,2,11.24.36.113,33.3175,104.46894444444445,
416,5613,2,14.24.12.44314,33.11,104.49386111111112,
417,"210E,210F",2,10.24.19.33211,33.42658333333333,104.55652777777776,
418,1516 POD 6,2,11.25.8.113,32.376,104.43397222222222,127
419,1334-A,2,15.26.20.123,,,38
420,1582-POD5,2,11.25.28.243,33.33247222222222,104.4051388888889,
421,1504-S2,2,16.26.31.242,32.882083333333334,104.41269444444444,
422,1521 POD 4,2,11.25.18.111,,,
423,1186-POD2,2,16.25.12.231,32.875083333333336,104.42075,
424,1480-S,2,16.25.13.132,32.926138888888886,104.44677777777778,
425,874-A,2,10.24.27.144,33.417361111111106,104.49772222222222,
426,1475-A,2,10.24.27.233,33.4165,104.49530555555556,
427,3812 POD2,2,11.24.23.321,33.341722222222224,104.48225,
428,119,2,10.24.34.331,33.39794444444444,104.50488888888889,
429,1428 POD 3,2,11.24.10.234,33.37236111111111,104.49244444444444,166
430,1263-C-A-A,2,13.26.28.233,33.16177777777778,104.34494444444444,
431,2684-HE,2,10.23.14.433,,,
432,2684-BF,2,10.23.23.233,33.43080555555555,104.58580555555557,
433,1788,2,10.24.18.443,33.43830555555555,104.5445,
434,2286,2,11.24.14.333,33.351888888888894,104.48622222222222,
435,9215,2,10.23.15.,33.43866666666666,104.60469444444443,
436,1453-C,2,17.26.7.222,32.856722222222224,104.41344444444444,
437,1250-F POD2,2,13.26.20.134,33.17594444444444,104.3665,23
438,1331POD2,2,17.26.10.131,32.852722222222226,104.37788888888888,38
439,980,2,10.24.21.233,,,
440,6027,2,12.25.8.311,33.291777777777774,104.47344444444444,
441,1382-B,2,17.25.1.244,32.86472222222223,104.43066666666668,
442,3125-S2,2,11.25.10.33,33.36761111111111,104.39561111111112,
443,2684-BP,2,10.23.23.213,33.434194444444444,104.58416666666666,
444,1461-BA,2,12.25.34.2224,33.24022222222222,104.42405555555555,
445,3123,2,9.24.15.324,33.535888888888884,104.48758333333332,
446,2132-B,2,18.26.24.121,,,
447,3361,2,18.26.9.431,,,
448,764-S,2,18.26.9.213,,,
449,754,2,18.26.3.333,32.77133333333333,104.37738888888887,97
450,1543-AS3,2,12.25.15.111,33.285,104.44036111111112,107
451,1543-A,2,12.25.15.113,33.283277777777776,104.44044444444444,107
452,1525,2,12.25.15.333,33.270805555555555,104.43983333333334,107
453,3219 POD2,2,13.24.34.441,33.14105555555555,104.5418611111111,
454,4383,2,13.26.7.431,,,
455,302,2,18.26.10.331,32.75716666666667,104.37811111111112,17
456,1165-POD 12,2,14.25.24.111,33.09538888888889,104.40472222222223,
457,1267-S2,2,14.25.1.322,33.13194444444444,104.39680555555556,
458,1404-AS,2,13.25.25.444,33.15413888888889,104.39091666666668,
459,1404-A,2,13.25.25.443,33.15416666666667,104.39119444444444,
460,1267-S2,2,14.25.1.321,33.13188888888889,104.39994444444446,
461,640,2,10.24.27.213,33.419916666666666,104.49722222222222,
462,1241 POD2,2,13.25.12.412,,,23
463,304,2,18.26.10.113,32.76616666666666,104.37808333333332,
464,1519 POD 5,2,11.25.31.124,33.3185,104.44172222222224,166
465,4327,2,11.24.2.443,33.379694444444446,104.47272222222225,
466,1503-D;2088-A,2,18.26.6.113,32.78180555555556,104.42919444444443,
467,2684-HEA,2,10.23.14.322,,,
468,1346-BA,2,11.24.17.434,33.35238888888889,104.52633333333333,
469,419,2,11.25.19.241,33.34686111111111,104.43727777777778,
470,614,2,17.26.21.224,32.825472222222224,104.37947222222222,38
471,2684-HC,2,10.23.14.4333,33.437916666666666,104.58483333333332,
472,2423 POD 3,2,08.24.7.111,33.64122222222222,104.55277777777778,109
473,1284 POD6,2,13.25.11.344,33.19811111111111,104.41536111111112,
474,1094,2,16.26.20.133,32.90866666666667,104.41216666666668,
475,1326,2,16.26.18.411,32.92211111111111,104.42061111111111,
476,1014 POD3,2,11.24.23.431,,,38
477,8201,2,11.24.17.331,33.35436111111111,104.53994444444444,
478,210-19,2,10.24.19.333,33.42516666666666,104.555,
479,1557 POD 5,2,11.25.15.343,,,
480,838,2,11.24.02.412,33.38619444444444,104.47538888888889,
481,5233,2,18.25.26.440,,,
482,5344,2,18.25.26.442,32.71416666666667,104.4486388888889,
483,1481-D,2,16.25.12.43,32.93022222222222,104.43441666666666,
484,1286-S,2,12.26.30.211,33.254583333333336,104.38055555555556,165
485,1543-A-S-5,2,12.25.15.3343,33.27075,104.43738888888888,107
486,1263-A-S,2,12.26.19.333,33.25652777777778,104.38852777777778,166
487,1928-AA POD 4,2,16.26.31.233,32.87925,104.42122222222224,
488,1259 POD 6,2,14.25.14.3442,33.096472222222225,104.41441666666668,203
489,210-14,2,10.24.19.324,33.42736111111111,104.55113888888889,
490,1412-B,2,16.26.21.343,32.90136111111111,104.38944444444444,
491,1159-E,2,14.25.12.231,33.12061111111111,104.39641666666668,
492,1519-S2,2,11.25.31.433,33.30669444444444,104.44155555555557,166
493,1411-D,2,16.26.29.432,32.88988888888889,104.40044444444445,
494,4526,2,10.24.25.211,33.42225,104.45511111111112,
495,1447-S POD 5,2,12.25.27.2112,33.25602777777778,104.42927777777778,
496,1369-S,2,14.26.18.113,33.10791666666667,104.3877777777778,
497,9516,2,10.23.25.12,33.41866666666667,104.57138888888888,
498,2832,2,12.24.28.133,,,
499,2178-AA,2,17.26.07.344,32.844166666666666,104.42461111111112,
500,10265,2,12.25.8.413,33.289833333333334,104.46561111111112,
501,1440 POD 3,2,17.26.3.333,32.85952777777778,104.37783333333331,38
502,3202-S3,2,20.26.6.433,32.59569444444445,104.4207777777778,
503,1344 S,2,14.26.15.231,33.106,104.32680555555557,
504,11539 POD 1,2,16.26.30.414,32.89035,104.4182,
505,39-AB,2,10.24.17.31132,33.44430555555555,104.54008333333331,
506,1537-S4,2,11.24.36.311,33.31211111111111,104.4695,
507,5022 POD 12,2,14.26.6.342,33.12844444444445,104.37966666666668,91
508,3202 S-5,2,20.26.8.112,32.595083333333335,104.41130555555556,200
509,1524 S5,2,18.26.13.333,32.74075,104.34347222222222,
510,4658;1395,2,11.24.29.133,,,
511,1485-S3,2,14.26.18.132,33.10588888888889,104.3855,
512,1132 POD 13,2,14.25.13.322,33.132,104.39986111111112,
513,1302 POD  4,2,16.26.4.333,32.94466666666666,104.39522222222224,
514,1302-S2,2,16.26.9.111,32.94436111111111,104.39522222222224,
515,2410 POD 7,2,7.26.20.312,,,
516,1512,2,17.26.7.344,32.84288888888889,104.42266666666669,
517,47-B-A-B,2,10.23.25.2,,,
518,9257,2,13.25.20.132,,,
519,1461 BS-BB,2,12.25.34.221,33.241194444444446,104.4265,
520,3566,2,11.24.30.441,33.32344444444445,104.54011111111112,
521,1402AD 7168-2,2,12.25.36.334,,,
522,9957,2,10.23.14.424,33.44061111111111,104.58183333333334,
523,3412,2,16.25.11.111,32.94313888888889,104.46388888888887,
524,371-S,2,10.24.34.314,33.394777777777776,104.49038888888887,
525,6114,2,14.26.15.433,,,
526,612;613,2,18.26.4.222,32.78363888888889,104.3785,
527,3963 POD 5,2,11.25.7.421,33.36991666666667,104.43805555555556,
528,123483 POD 1,2,14.26.21.121,33.09491666666667,104.34763888888888,
529,23,2,11.25.19.113,33.347861111111115,104.45125,
530,193 POD 2,2,11.24.3.224,33.39077777777778,104.49002777777778,
531,1123,2,13.26.16.133,,,
532,165,2,15.26.13.121,,,
533,3181-S8,2,18.26.17.333,32.74161111111111,104.4118888888889,
534,151,2,10.24.27.323,33.41427777777778,104.5008611111111,
535,1191,2,13.25.26.211,33.16763888888889,104.41397222222224,
536,1158,2,14.25.12.133,33.117666666666665,104.40419444444446,
537,1269S,2,14.26.7.141,33.12105555555556,104.38355555555556,38
538,3312,2,13.26.28.112,33.16675,104.3503611111111,
539,1267 POD 7,2,14.25.01.321,33.131972222222224,104.39966666666668,
540,2318-11269,2,12.25.24.442,,,
541,1415 Pod 4,2,13.25.13.224,,,139
542,1470 Pod 3,2,11.24.15.234,,,
543,1418 POD 5,2,13.25.24.344,,,23
544,316;317,2,17.26.23.131,,,
545,637 POD4,2,14.25.24.311,33.086666666666666,104.40455555555556,152
546,1334 POD8,2,11.24.26.134,33.329861111111114,104.48375,
547,1921 POD 3,2,18.26.3.431,32.77202777777778,104.36969444444443,
548,534,2,10.24.22.444,,,
549,10313,2,17.25.12.142,32.85191666666667,104.43980555555557,
550,2684-HA-HB,2,10.23.14.4314,,,
551,9783,2,10.24.19.321,,,
552,358,2,10.24.28.244,,,
553,1387 POD 14,2,11.25.33.324,,,
554,1387 POD 15,2,12.25.2.LOT 1,33.30594444444444,104.40972222222224,
555,1230,2,19.26.4.311,32.689388888888885,104.39422222222224,
556,1270 POD15,2,14.25.14.123,33.10669444444444,104.41586111111113,203
557,10840 POD 2,2,10.23.25.121,,,
558,1207 POD 2,2,16.26.17.422,32.9225,104.39611111111113,
559,1890,2,16.26.32.133,32.87927777777778,104.41236111111112,48
560,969 A,2,10.24.8.333,33.394888888888886,104.49036111111111,
561,1323AAC,2,13.26.5.111,33.226194444444445,104.37125,
562,9587,2,20.26.7.423,32.04972222222222,104.58638888888888,
563,2511,2,11.24.21.341,,,
564,242 POD7,2,13.26.6.133,,,
565,1170,2,17.26.27.331,32.80247222222222,104.37752777777776,38
566,1255 POD3,2,13.26.30.444,33.15463888888889,104.3711111111111,176
567,465,2,10.24.22.312,33.42883333333333,104.50258333333332,
568,3963 POD 6,2,11.25.7.413,33.370333333333335,104.44055555555556,
569,1337-A,2,16.26.9.133,32.93883333333333,104.39397222222225,
570,1679 S,2,19.26.33.122,32.62538888888889,104.37822222222222,200
571,85 POD1,2,10.24.35.433,33.39625,104.47894444444444,
572,1696 POD4,2,10.25.31.332,33.39827777777778,104.4475,
573,465 POD 3,2,10.24.22.411,,,
574,489-S3,2,14.25.1.144,,,
575,716 POD6,2,11.24.23.443,,,
576,15368 BC,2,12.25.7.442,33.28816666666666,104.47794444444445,
577,1936,2,10.24.34.122,33.41041666666666,104.5035,
578,4122,2,11.24.18.443,,,
579,1389,2,14.25.2.213,33.13925,104.41305555555556,
580,7892,2,10.24.19.132,,,
581,9170,2,10.24.19.311,33.43019444444444,104.55805555555555,
582,1433 POD 4,2,17.26.28.133,32.80719444444444,104.39366666666668,
583,1279-S,2,13.25.14.244,33.19113888888889,104.40675,
584,1447,2,12.25.27.211,,,
585,1278 AS4,2,16.26.6.1122,32.96391666666667,104.42113888888888,
586,1478;1520-L,2,12.25.25.411,,,
587,1263 POD 14,2,12.25.2.444,,,
588,1263 POD 13,2,12.25.1.114,33.30461111111111,104.40544444444446,
589,1458,2,16.25.13.1333,32.92247222222222,104.44575,116
590,1717 S,2,13.26.17.231,33.19394444444444,104.36019444444445,
591,1543-S,2,13.25.15.411,,,
592,981 C,2,10.23.25.122,33.42213888888889,104.56969444444444,
593,3381-A,2,13.25.2.333,,,
594,1149,2,19.26.27.221,32.63780555555555,104.36458333333331,200
595,1288;1522,2,18.26.2.333,,,
596,13060 POD1,2,13.26.18.133,,,139
597,1418-A,2,13.25.23.411,,,
598,1284 POD 8,2,13.25.11.334,,,
599,1720,2,14.25.1.223,,,
600,1210 POD 7,2,18.26.23.233,,,
601,5078 POD2,2,13.26.6.441,,,206
602,1557 POD 8,2,11.25.22.414,,,
603,203 POD 3,2,13.26.33.131,33.14905555555556,104.33655555555556,64
604,138,2,10.24.20.431,,,
605,9292,2,10.24.23.44,,,
606,664-A,2,10.24.24.131,,,
607,1250-E,2,11.24.9.444,,,
608,8822-2684HF,2,10.23.14.432,,,
609,896,2,10.24.22.133,,,
610,394,2,17.26.28.113,,,
611,10392,2,16.26.30.221,,,
612,849,2,10.24.19.3443,,,
613,1527-F,2,16.26.29.334,,,
614,4478,2,12.25.15.1424,33.28075,104.4323888888889,
615,13090 POD 1,2,11.25.27.242,,,
616,5154,2,13.26.27.131,33.16475,104.33616666666666,
617,6736,2,10.23.25.244,,,
618,10674,2,10.24.18.444,,,
619,862,2,10.23.21.332,,,
620,7385,2,12.25.8.343,,,
621,13071-POD 1,2,14.26.34.443,,,
622,10836,2,10.24.19.3123,,,
623,1525-B,2,12.25.5.223,,,
624,356,2,10.24.33.441,,,
625,1279,2,13.25.14.214,,,
626,12887 POD 2,2,17.26.6.231,,,
627,1306-S,2,13.25.14.111,,,
628,1500 POD16,2,12.25.35.111,,,
629,5959,2,10.23.22.121,,,
630,12974 pod 1,2,WAREHOUSE,,,
631,1136-A,2,10.24.18.321,,,
632,3636,2,15.26.20.3211,,,
633,1323 POD 9,2,13.26.7.422,,,
634,0,2,5206 W. 2ND ST.,,,
635,680;684;640,2,10.24.27.212,33.422333333333334,104.49541666666669,
636,1382-B;9279,2,17.25.1.243,,,
637,8130,2,16.25.25.223,32.89783333333333,104.4323888888889,
638,8676/981-D,2,10.23.25.1,33.42033333333333,104.57163888888888,
639,8111-2684hef,2,10.23.14.414,33.44197222222222,104.5822222222222,
640,981,2,10.23.21.44,,,
641,1382-BB,2,16.25.25.134,32.900194444444445,104.4365,
642,6306,2,11.22.22.122,,,
643,1002,2,10.24.27.221,33.41972222222222,104.49527777777776,
644,7684,2,10.24.31.414,33.39791666666667,104.55733333333332,
645,1928 AA,2,16.26.31.142,32.88188888888889,104.4215,
646,9148,2,10.23.25.113,33.41788888888889,104.56894444444444,
647,1259,2,14.25.15.431,33.09916666666667,104.43052777777778,
648,6854,2,7.23.11.332,,,
649,9739,2,17.26.22.422,32.819972222222226,104.3621111111111,
650,3567,2,11.24.24.213,33.34733333333334,104.46022222222224,220
651,1350-A,2,10.23.29.2214,33.42219444444444,104.63305555555554,
652,1538 C-A,2,12.25.8.313,33.289138888888886,104.47333333333331,
653,10907,2,10.23.14.431,33.44013888888889,104.58527777777778,
654,4144,2,11.24.7.322,33.37086111111111,104.55052777777776,
655,1267;1268,2,14.25.1.344,33.12613888888889,104.3965277777778,
656,768,2,17.26.9.323,,,
657,1522-C,2,17.26.34.443,32.78513888888889,104.36455555555555,
658,4527,2,10.25.29.131,33.42052777777778,104.43294444444444,
659,210-G,2,10.24.19.334,33.42425,104.55508333333331,
660,849/9247,2,10.24.19.142,33.44211111111111,104.5508611111111,
661,2819,2,11.24.35.112,33.320750000000004,104.47663888888889,
662,3566-10414,2,13.25.17.23,33.189416666666666,104.46555555555555,
663,1811,2,16.26.32.113,32.88388888888889,104.41211111111112,
664,14265,2,15.24.35.111,32.97816666666667,104.625,
665,1540 A-B,2,12.25.8.331,33.28825,104.47294444444444,
666,4397,2,11.24.14.443,33.35127777777778,104.47430555555556,
667,10977,2,16.26.30.313,32.89072222222222,104.42836111111112,
668,4931-S,2,11.24.11.243,33.37288888888889,104.47441666666668,
669,1402-S2,2,12.25.36.331,33.22983333333333,104.40558333333334,
670,4553,2,7.26.5.1321,,,
671,39,2,10.24.17.312,33.445166666666665,104.53730555555556,
672,1271,2,11.25.30.332,33.32358333333334,104.4490277777778,
673,642,2,11.24.3.343,33.37994444444445,104.50113888888887,
674,38,2,10.24.17.324,33.44161111111111,104.53402777777778,
675,1097,2,17.26.8.244,,,
676,6892,2,11.24.1.12444,33.39030555555556,104.46211111111111,38
677,189-A,2,9.24.33.214,33.51244444444445,104.48977777777776,
678,1535,2,17.26.31.133,32.79172222222222,104.42933333333332,
679,2472,2,7.23.36.131,33.66727777777778,104.57538888888888,
680,1280;1617-S4,2,13.25.35.42,33.14797222222222,104.40755555555556,
681,158,2,13.25.36.223,33.151777777777774,104.39155555555556,
682,678;449,2,10.24.27.334,33.41038888888889,104.50355555555556,
683,2925-A,2,11.24.8.414,33.368833333333335,104.52705555555556,
684,1324,2,13.26.20.333,33.16875,104.36888888888888,
685,206-AS,2,10.23.22.444,33.42263888888888,104.5955,
686,0,2,0,,,
687,1511,2,16.25.1.133,32.956138888888894,104.4466388888889,
688,1201-A,2,13.26.28.331,33.147888888888886,104.39661111111111,176
689,718;854,2,11.24.2.133,33.38697222222222,104.48791666666666,
690,772-S2,2,18.26.2.132,32.779333333333334,104.35775,
691,1323-A,2,13.26.28.133,,,
692,1424-S2,2,16.25.10.332,32.93055555555555,104.47986111111112,
693,505-S3,2,13.26.8.313,33.19736111111111,104.3728611111111,
694,404-S5,2,16.25.5.411,32.95422222222223,104.50738888888888,
695,3847,2,16.24.4.411,32.95502777777778,104.59330555555556,
696,691,2,10.24.27.211,33.42319444444444,104.49725,
697,1588-S,2,16.25.25.211,32.900777777777776,104.43747222222224,
698,1278,2,16.26.5.111,32.96505555555556,104.41116666666667,
699,406-AA,2,14.26.20.411,,,
700,1452-S3,2,12.25.34.433,33.227833333333336,104.43155555555556,
701,1284-S4,2,13.25.11.311,33.20430555555556,104.42269444444445,
702,420-S4,2,11.24.13.233,33.35758333333334,104.46052777777778,
703,738,2,17.26.20.431,32.81652777777777,104.40383333333334,
704,995-S,2,15.24.35.133,32.971583333333335,104.52463888888887,
705,505-S,2,13.26.8.124,33.20877777777778,104.3635,
706,2544,2,11.23.33.213,33.318000000000005,104.6198611111111,
707,1050,2,13.25.12.233,33.20527777777778,104.39694444444446,
708,648;652;653,2,11.25.29.141,33.331583333333334,104.42786111111111,
709,1405-S,2,12.25.15.424,33.27452777777778,104.42347222222224,
710,241-C,2,12.25.9.124,33.29680555555555,104.4496388888889,
711,1009,2,10.24.23.1113,33.436277777777775,104.48791666666666,
712,3081,2,17.23.30.1234,,,
713,480,2,11.24.7.143,33.37236111111111,104.55427777777776,
714,1249,2,17.26.28.313,32.804361111111106,104.39511111111112,38
715,1296-S,2,18.26.23.311,32.766222222222225,104.361,17
716,1491-A,2,17.26.27.121,32.81352777777777,104.37358333333331,
717,995,2,15.24.35.331,32.96797222222222,104.52508333333331,
718,942-A,2,17.26.21.113,,,
719,242-S4,2,13.26.6.331,33.38713888888889,104.49283333333334,
720,657-S,2,13.25.24.111,,,
721,1813,2,12.25.13.111,33.28391666666666,104.40508333333334,
722,283-S2,2,16.24.12.134,32.939249999999994,104.54702777777776,
723,812 POD3,2,17.26.23.333,32.81447222222222,104.36080555555554,38
724,716,2,11.24.23.414,33.34111111111111,104.47638888888888,
725,1074,2,16.25.2.211,32.96405555555556,104.45561111111112,
726,1280;1617-S2,2,13.25.35.411,33.14641666666667,104.41419444444443,
727,1306E,2,13.25.14.131,33.19463888888889,104.42169444444446,
728,2415,2,8.24.17.312,33.62063888888889,104.53416666666666,
729,1217,2,17.26.22.233,,,38
730,297,2,18.26.16.422,32.746611111111115,104.37913888888887,17
731,243;270,2,11.25.18.314,33.355472222222225,104.44761111111112,
732,149-C,2,11.25.18.233,33.35783333333333,104.44041666666666,
733,1238 POD13,2,11.24.24.133,33.34330555555556,104.47077777777778,
734,1511-A,2,16.25.2.311,32.95538888888889,104.46352777777778,
735,3844,2,15.23.21.221,33.005833333333335,104.6498888888889,
736,1826-S,2,17.26.30.221,32.81325,104.41697222222224,38
737,2376-A,2,9.24.5.332,33.55811111111111,104.53397222222222,183
738,1193,2,14.26.8.112,32.12463888888889,104.36802777777775,
739,2424,2,8.24.7.413,33.63191666666667,104.54397222222222,109
740,4233-A,2,11.24.1.1113,33.39183333333333,104.46977777777778,38
741,1195,2,13.26.17.443,33.18408333333333,104.35808333333333,
742,1424-S4,2,16.25.15.223,32.923138888888886,104.4731388888889,
743,1668,2,17.26.3.433,32.85966666666667,104.36916666666666,38
744,3997,2,11.25.9.423,33.37130555555556,104.40269444444444,
745,1011,2,11.24.26.433,33.321555555555555,104.47872222222225,
746,2543,2,11.23.27.233,33.32844444444445,104.60441666666668,
747,1895,2,18.26.8.2333,32.763527777777774,104.4038888888889,
748,1011-S,2,11.24.26.413,33.32472222222223,104.47877777777778,
749,319,2,16.25.6.411,32.95166666666667,104.52402777777776,
750,311,2,16.24.2.324,32.94927777777777,104.56113888888888,
751,242-S3,2,13.25.1.222,33.226333333333336,104.38947222222222,
752,420-S,2,11.25.19.222,33.35063888888889,104.43377777777778,
753,242-S2,2,13.26.6.131,,,
754,242-S,2,13.26.6.113,33.224444444444444,104.38758333333334,
755,5581,2,13.26.32.322,33.14572222222222,104.36330555555556,
756,390,2,17.26.27.413,32.80319444444444,104.3695,38
757,623;93,2,16.25.7.111,32.94472222222222,104.53344444444444,
758,2463,2,8.24.22.242,33.60788888888889,104.48494444444444,
759,1069,2,15.25.33.313,,,
760,206-S,2,10.24.19.411,33.428666666666665,104.5496111111111,
761,292,2,16.26.8.221,,,
762,171;173,2,13.26.19.111,33.18266666666666,104.38802777777778,
763,2768,2,11.23.34.143,33.31480555555555,104.60708333333332,
764,2770,2,11.23.27.441,33.32416666666667,104.59986111111112,
765,910-S,2,16.26.8.313,32.933416666666666,104.41244444444445,
766,1238-S2,2,11.24.23.412,33.34144444444445,104.47616666666669,
767,1127,2,10.24.34.114,33.425999999999995,104.50566666666668,
768,4739,2,10.24.27.413,33.41280555555556,104.49602777777778,
769,3181-S2,2,18.26.18.241,32.77086111111111,104.41272222222224,
770,1154-S,2,14.26.17.211,33.10988888888889,104.36152777777777,
771,1542,2,13.25.27.243,33.163444444444444,104.60977777777777,
772,1481-S3,2,16.25.11.233,32.93772222222222,104.45563888888888,
773,238-A,2,10.24.22.2122,33.43819444444444,104.49425,
774,1243-A,2,13.25.11.421,33.20502777777778,104.4092777777778,
775,429,2,10.24.15.323,33.4415,104.49869444444444,
776,489-S2,2,14.25.1.111,33.157583333333335,104.3515,
777,474,2,10.24.23.113,33.43541666666666,104.48616666666666,
778,4239,2,10.24.36.431,,,
779,689,2,10.24.22.243,33.43088888888889,104.49277777777776,
780,4357,2,11.25.18.121,,,
781,4033 POD 10,2,11.24.12.113,33.375861111111114,104.46775,
782,4663,2,10.24.35.443,33.394416666666665,104.47194444444445,38
783,239,2,11.24.14.143,,,38
784,1010,2,11.24.11.143,33.37225,104.48336111111112,38
785,4663-S5,2,11.24.2.21211,33.39405555555555,104.47691666666668,38
786,4663-S2,2,11.24.2.221,33.393027777777775,104.47466666666666,38
787,248-S4,2,11.24.2.211,33.394083333333334,104.47883333333334,38
788,2132-BS2,2,18.26.24.113,32.737027777777776,104.3419722222222,
789,1616-C,2,14.26.22.141,,,
790,600-S,2,17.26.33.224,32.79636111111111,104.37980555555556,
791,5104,2,13.26.17.321,33.19022222222222,104.36497222222222,
792,2375-S-POD4,2,8.24.32.411,33.57497222222223,104.52725,
793,2930;5077,2,13.26.28.411,33.158138888888885,104.34305555555557,
794,1537-S;1338-F,2,11.24.36.333,33.30658333333333,104.46844444444444,
795,862-S,2,11.25.19.333,33.336305555555555,104.4515,
796,3021-S,2,14.23.24.413,33.08466666666667,104.60355555555554,203
797,1835,2,11.25.31.233,,,
798,2473,2,8.24.27.433,,,
799,1531,2,16.26.5.121,32.96325,104.40597222222225,
800,87-S,2,13.25.11.111,33.21102777777778,104.42261111111112,
801,313,2,17.26.9.344,32.84338888888889,104.38791666666668,
802,1220,2,10.24.34.423,,,
803,2467 POD 3,2,7.24.19.144,33.44555555555555,104.54966666666668,
804,1481-S6,2,16.25.11.232,32.93836111111111,104.4551388888889,
805,736;737,2,17.26.20.413,32.818250000000006,104.4037777777778,38
806,3137,2,8.24.35.314,33.57413888888889,104.48238888888888,
807,1399,2,14.26.21.221,33.096583333333335,104.33877777777778,
808,1299-S,2,16.26.17.322,32.9225,104.40402777777778,
809,1271-S,2,11.25.31.313,33.31025,104.45072222222224,
810,59-AS,2,12.25.27.311,33.248583333333336,104.44022222222225,
811,2547,2,11.23.34.113,33.31738888888889,104.61272222222222,
812,1039,2,15.24.34.133,32.97391666666667,104.5423611111111,
813,91-S,2,16.25.5.311,32.95277777777778,104.51552777777778,
814,246,2,10.24.36.333,,,
815,756-S-3,2,17.26.29.233,32.806527777777774,104.40219444444443,38
816,2755,2,10.23.28.423,33.412444444444446,104.6155,
817,450,2,13.25.36.241,33.14877777777778,104.39222222222224,
818,1104,2,16.25.2.111,32.96402777777778,104.46263888888888,
819,1100,2,11.25.29.131,33.33141666666667,104.43269444444444,
820,378,2,13.25.26.411,33.38713888888889,104.49283333333334,
821,376-AS,2,12.25.15.121,33.284666666666666,104.43513888888889,
822,1461-B-B-A,2,12.25.23.443,33.25641666666667,104.40852777777778,
823,6219,2,11.25.9.144,33.373083333333334,104.40702777777778,
824,4663-S6,2,10.24.36.311,,,
825,297-S2,2,18.26.15.421,32.74652777777778,104.36525,17
826,411,2,11.25.19.112,,,
827,1411-AS,2,16.26.31.311,,,
828,1229,2,17.26.21.341,32.81625,104.3888888888889,
829,1918;2195,2,14.26.21.324,,,
830,777,2,17.26.11.433,,,
831,431,2,11.24.2.323,33.38327777777778,104.4835,
832,1589-A,2,16.25.1.433,,,
833,1296,2,18.26.23.131,32.73408333333333,104.36113888888887,17
834,772-S,2,18.26.2.111,32.783833333333334,104.36058333333332,
835,578,2,13.25.25.121,33.16861111111111,104.40036111111112,
836,297-S3,2,18.26.15.423,32.745555555555555,104.36530555555557,17
837,1469;1508-A,2,17.26.23.433,,,
838,1626 POD 2,2,11.24.19.233,33.34452777777778,104.54991666666666,
839,423-S,2,13.25.15.131,33.19283333333333,104.43988888888887,
840,1428-BS4,2,11.24.12.423,33.37,104.45552777777776,
841,1343-S,2,19.26.14.122,32.66641666666666,104.35241666666666,38
842,554,2,16.26.17.211,32.928777777777775,104.40355555555556,136
843,458,2,11.23.12.221,33.3785,104.56311111111113,
844,420-S5,2,11.25.18.444,33.35147222222222,104.43394444444444,
845,1385,2,11.24.10.434,33.365027777777776,104.49405555555556,
846,104,2,11.25.18.241,33.35916666666667,104.43813888888889,
847,4691,2,10.25.10.431,33.39813888888889,104.44747222222225,
848,1317,2,13.26.33.421,33.14658333333333,104.34025,
849,207;1402,2,13.25.1.133,33.219833333333334,104.40455555555556,
850,397,2,17.26.10.433,32.844,104.36933333333332,
851,348,2,15.25.26.334,32.98072222222223,104.41938888888888,
852,2460,2,7.23.23.243,33.69438888888889,104.57891666666666,
853,2420-S,2,8.23.1.421,33.648666666666664,104.56238888888888,
854,248-S,2,11.24.2.223,33.39080555555555,104.47444444444444,38
855,1503;1578-S,2,17.26.15.133,32.83541666666667,104.37377777777778,
856,895,2,17.26.14.211,32.84288888888889,104.351,
857,1480,2,16.25.14.213,32.92641666666666,104.45522222222222,
858,67,2,11.25.17.123,33.362027777777776,104.42963888888887,
859,114,2,11.25.29.333,,,235
860,1525 POD3,2,12.25.5.233,,,166
861,1295-S,2,16.26.16.331,,,
862,866,2,10.24.15.332,33.44102777777778,104.50322222222222,
863,88,2,13.26.7.313,33.202083333333334,104.38813888888888,
864,294,2,16.24.11.344,32.93072222222222,104.55972222222222,
865,1269,2,14.26.6.142,33.40961111111111,104.49869444444444,38
866,1717 POD 4,2,13.26.17.214,33.19391666666667,104.3599722222222,
867,1273,2,17.26.21.112,32.82713888888889,104.39158333333334,
868,1037,2,15.24.34.131,32.97463888888889,104.54222222222222,
869,20-S2,2,11.25.20.431,33.33791666666667,104.42405555555555,23
870,1046POD2,2,17.26.26.333,32.80036111111111,104.36080555555554,38
871,1211,2,14.26.4.231,33.13586111111111,104.34463888888888,
872,1353,2,13.25.24.333,33.17041666666666,104.40508333333334,
873,319-S,2,16.25.6.144,32.953138888888894,104.52572222222224,
874,633,2,15.26.4.123,33.05008333333333,104.34744444444443,
875,20 POD 7,2,11.25.21.133,33.34427777777778,104.41597222222222,23
876,185,2,13.25.12.311,33.20441666666667,104.40541666666668,
877,163,2,15.25.33.111,32.978611111111114,104.45538888888888,
878,379,2,13.26.31.411,33.14675,104.37936111111112,
879,3381-B,2,13.25.2.244,33.22163888888889,104.40794444444444,
880,969 B,2,10.24.17.323,33.44152777777777,104.53458333333332,
881,1626;1626-A,2,11.24.18.413,,,
882,2684-BA,2,10.23.23.224,33.436499999999995,104.57719444444444,
883,1227,2,17.26.15.113,32.840694444444445,104.37802777777776,
884,3680,2,13.25.13.411,33.18969444444444,104.39680555555556,
885,1525POD5,2,12.25.15.112,,,
886,1020-S2,2,15.25.35.413,32.96886111111111,104.41308333333332,
887,268-A,2,10.24.34.343,33.425333333333334,104.55794444444444,
888,1452-S2,2,12.25.34.4313,33.229055555555554,104.43144444444444,
889,1343,2,19.26.14.112,32.66686111111111,104.35713888888888,38
890,1229-POD3,2,17.26.28.000,32.810138888888886,104.38786111111112,
891,1270-S2,2,14.25.13.11,33.109027777777776,104.40372222222224,
892,4244,2,11.25.7.232,33.375277777777775,104.44047222222224,
893,1123-S,2,13.26.16.112,,,
894,459;1817,2,11.24.2.313,33.38480555555555,104.48791666666666,
895,1337-CS,2,12.25.8.133,33.29230555555555,104.47547222222222,
896,2377-S,2,9.24.19.413,33.51530555555556,104.55041666666666,
897,1323-S,2,14.26.10.4331,33.11186111111111,104.32730555555555,
898,303,2,16.26.33.211,32.885444444444445,104.38655555555556,
899,988,2,11.24.14.123,33.36125,104.4835,38
900,1270-S6;202-S,2,14.25.13.213,33.10788888888889,104.39522222222224,
901,91,2,16.25.5.133,32.95377777777778,104.51608333333331,
902,2594,2,8.24.28.222,33.598444444444446,104.50358333333334,
903,2601,2,8.24.33.311,33.39472222222222,104.49030555555557,
904,1379-S,2,13.26.19.313,33.17236111111111,104.38775,
905,1472-S3,2,11.23.13.214,33.36286111111112,104.56408333333331,
906,1333-E,2,14.26.9.413,33.114000000000004,104.35338888888889,206
907,1280;1617,2,12.26.32.133,33.23544444444445,104.3698611111111,
908,1334-BB,2,11.24.26.313,,,
909,575-A,2,13.25.3.413,33.215805555555555,104.43138888888888,
910,246-S2,2,11.24.1.334,33.37961111111111,104.46594444444445,
911,1346-D,2,13.26.33.413,33.14313888888889,104.34458333333332,
912,676,2,11.24.10.343,33.36547222222222,104.50113888888887,
913,212,2,13.25.1.143,33.21969444444445,104.4015277777778,
914,4987,2,11.24.13.111,33.363527777777776,104.46988888888887,
915,1223,2,14.26.6.211,33.13938888888889,104.37916666666666,
916,886-S,2,17.26.21.411,,,38
917,717,2,13.25.26.111,33.167361111111106,104.42225,
918,671,2,13.26.30.431,33.15661111111111,104.37863888888889,176
919,370,2,11.24.10.243,33.37236111111111,104.49244444444444,
920,2402,2,9.23.35.422,33.48677777777778,104.57725,
921,1014-AS,2,11.24.22.131,33.34536111111111,104.50544444444444,
922,404-S6,2,16.25.8.111,32.94325,104.51486111111112,136
923,184,2,13.25.12.413,33.20305555555556,104.39636111111112,
924,158-S,2,13.25.36.144,33.38713888888889,104.57616666666668,
925,598,2,16.26.35.123,32.883916666666664,104.36038888888888,
926,77,2,11.24.2.343,33.37961111111111,104.48130555555556,
927,3843-S,2,15.23.21.132,33.00241666666667,104.66116666666667,
928,2684-S,2,10.23.15.434,33.438138888888886,104.60077777777778,
929,2767,2,13.23.24.214,,,
930,59-A,2,12.25.34.311,33.23408333333333,104.43925,
931,2604,2,8.24.9.211,33.641194444444444,104.51016666666666,37
932,1243-C,2,14.26.10.133,,,206
933,1429;1376-S2,2,16.25.1.243,32.955194444444444,104.43391666666668,
934,5579,2,10.24.27.344,33.409388888888884,104.49766666666667,
935,510,2,11.24.14.433,33.350722222222224,104.47891666666666,
936,478;669,2,11.25.19.443,33.33583333333333,104.4375,
937,1280 POD 7,2,13.25.35.134,33.14725,104.41886111111111,20
938,125,2,10.24.27.421,33.41533333333333,104.49241666666668,
939,5025,2,11.25.19.324,33.33880555555556,104.44463888888887,
940,326,2,11.24.2.141,33.39083333333333,104.48347222222222,
941,938;938-A,2,10.24.27.441,33.40933333333333,104.49147222222224,
942,1297-BS2,2,12.25.11.242,33.294555555555554,104.40747222222222,
943,4033-S3,2,11.24.1.423,33.3835,104.45555555555556,
944,416,2,11.24.10.224,33.37636111111111,104.48869444444443,
945,4332,2,11.24.2.433,33.379777777777775,104.47866666666668,
946,1331,2,17.26.10.333,32.843583333333335,104.37813888888888,38
947,3979,2,20.27.21.311,32.559194444444444,104.29388888888889,
948,903 903G,2,10.24.22.121,33.437305555555554,104.50158333333331,
949,1117,2,16.26.29.143,32.877583333333334,104.4075277777778,
950,574,2,13.26.7.133,,,
951,893;1702,2,16.26.7.123,32.94175,104.42466666666668,
952,4233-S,2,11.24.1.311,33.385888888888886,104.46983333333334,38
953,4033-S,2,11.25.6.332,33.38333333333333,104.44766666666668,
954,265-BS,2,11.25.16.133,33.358222222222224,104.4147777777778,
955,1316-A,2,14.26.9.221,,,
956,4233,2,11.24.1.313,32.38333333333333,104.46886111111112,38
957,45,2,11.24.1.133,33.38858333333333,104.46986111111111,38
958,2375,2,9.24.5.121,33.568222222222225,104.53094444444444,
959,2601-B,2,8.24.32.223,33.58086111111111,104.52263888888888,
960,143-S,2,11.25.19.314,33.339222222222226,104.44922222222225,
961,1722,2,11.24.10.233,33.37233333333334,104.49677777777778,
962,1368-S3,2,13.26.27.313,,,
963,143,2,11.25.19.131,33.34572222222222,104.45063888888888,
964,5035,2,11.24.13.413,33.35491666666667,104.45894444444444,
965,1606-S2,2,17.26.2.131,32.86772222222222,104.3599722222222,
966,3556,2,11.24.35.434,33.308277777777775,104.47855555555556,
967,3998-S,2,10.24.24.434,33.425888888888885,104.46966666666668,
968,3181-S5,2,18.26.18.221,32.75377777777778,104.41666666666669,
969,320,2,16.24.11.143,32.9385,104.56361111111111,
970,1024/381POD3,2,16.26.5.214,32.95027777777778,104.40097222222222,
971,1220-S2,2,10.24.35.314,33.39886111111111,104.48577777777778,
972,1515,2,11.24.36.211,33.320083333333336,104.4606388888889,
973,1516-S,2,11.25.8.311,33.37163888888889,104.4316388888889,127
974,1472-S,2,11.23.12.444,33.365,104.56,
975,2403,2,9.23.36.133,33.49055555555556,104.57694444444444,
976,3838-S,2,11.24.11.423,33.37025,104.47436111111112,61
977,512,2,13.26.30.333,33.154944444444446,104.38747222222224,
978,1014,2,11.24.22.331,33.337583333333335,104.50538888888887,38
979,1015,2,11.24.25.312,33.32819444444445,104.46711111111112,
980,886,2,17.26.21.311,32.82013888888889,104.39366666666668,38
981,1028,2,18.26.11.233,32.763,104.35244444444444,
982,62;59-S2,2,11.25.23.111,33.34991666666667,104.38075,
983,1417-CS4,2,12.25.23.143,33.26408333333333,104.41813888888888,
984,3998,2,10.24.24.331,,,
985,4756,2,12.25.15.221,33.28311111111111,104.42694444444444,
986,1495-B,2,11.24.10.143,33.37388888888889,104.50075,
987,3801 A,2,11.24.2.143,,,
988,1536,2,16.26.19.111,32.913888888888884,104.42916666666667,
989,1238-S5,2,11.24.23.121,33.35011111111111,104.48316666666666,
990,220 BA,2,10.24.34.434,,,
991,1193-AA,2,14.26.8.213,33.12202777777778,104.36177777777776,
992,545,2,11.24.11.313,33.36911111111111,104.48805555555556,
993,1153,2,17.26.28.223,32.81111111111111,104.38238888888888,
994,526 POD2,2,11.24.3.232,,,
995,519,2,12.25.35.41132,,,
996,959,2,10.24.17.233,33.44588888888889,104.52983333333331,
997,491-S2,2,10.24.15.411,33.445166666666665,104.49552777777778,
998,47,2,10.24.17.3333,33.43825,104.5405,
999,1380-S,2,17.25.1.4133,32.86197222222222,104.43830555555556,
1000,1323 POD4,2,14.26.14.113,,,
1001,1251,2,17.26.15.313,32.83202777777778,104.3774722222222,
1002,1432;2475,2,11.24.20.333,33.335750000000004,104.54152777777776,
1003,4663-S,2,10.24.36.334,33.39447222222222,104.466,
1004,1423-S,2,16.25.13.213,32.92797222222222,104.43677777777778,
1005,14-A,2,16.26.27.143,32.89352777777778,104.37219444444445,
1006,279,2,17.26.15.234,32.83558333333333,104.36672222222222,97
1007,1185-A,2,14.26.5.421,33.132083333333334,104.35605555555556,
1008,8644,2,14.26.10.3333,33.11783333333334,104.33558333333332,206
1009,812-S,2,17.26.23.311,32.821111111111115,104.36080555555554,38
1010,5399,2,14.26.9.313,33.1145,104.35341666666666,
1011,1422-S2,2,15.25.36.323,,,
1012,1701,2,10.24.22.343,33.45283333333334,104.53861111111112,
1013,2598-A,2,8.24.28.123,33.5955,104.51508333333334,
1014,52-B,2,12.25.5.111,33.30605555555555,104.47522222222224,38
1015,7,2,17.26.9.213,32.85602777777778,104.38633333333334,38
1016,1064,2,11.24.24.231,,,
1017,2599,2,8.24.8.431,33.631972222222224,104.52652777777776,
1018,3356-A,2,13.26.34.312,33.14625,104.33408333333333,64
1019,1207,2,16.26.17.331,32.91777777777777,104.41230555555556,
1020,1292-S,2,17.26.20.131,,,38
1021,308,2,16.26.16.333,32.91602777777778,104.39508333333336,
1022,1887,2,10.24.15.111,33.45063888888889,104.5575,
1023,1115,2,10.24.29.423,,,
1024,4931,2,11.24.11.421,33.37111111111111,104.47447222222222,
1025,995-S3,2,15.24.35.211,32.97730555555556,104.5153611111111,
1026,1356,2,13.26.30.113,33.166805555555555,104.3876388888889,
1027,5152,2,11.25.18.133,33.357527777777776,104.45066666666666,
1028,214,2,11.25.21.411,,,61
1029,2558,2,12.23.24.231,33.257416666666664,104.56758333333332,
1030,1206,2,14.26.16.111,33.11002777777778,104.35333333333332,
1031,505-S4,2,13.26.8.343,33.19897222222222,104.36563888888888,
1032,2471;2456-S5,2,7.24.32.421,33.66138888888889,104.52744444444444,
1033,1524-S3,2,18.26.11.411,32.76233333333333,104.35230555555556,
1034,779-S2,2,18.26.11.433,32.75711111111111,104.35230555555556,
1035,1029,2,18.26.10.133,,,
1036,1271-S3,2,11.25.31.1332,33.31411111111111,104.45033333333332,
1037,1090,2,17.26.16.113,,,
1038,1312,2,19.26.14.431,32.65563888888889,104.35213888888887,
1039,3378,2,7.24.31.133,33.66447222222222,104.55888888888887,
1040,2769-S,2,11.23.22.444,33.335861111111114,104.5958611111111,
1041,5022 POD13,2,13.26.6.442,,,91
1042,779-S,2,18.26.14.232,32.75044444444445,104.34936111111112,
1043,1380,2,17.25.1.413,32.86244444444445,104.43775,
1044,29,2,10.24.27.434,33.409277777777774,104.49266666666666,
1045,1259-S,2,14.25.15.413,33.10036111111111,104.43094444444444,
1046,980-C,2,10.24.8.32,33.45897222222222,104.53622222222222,
1047,1479,2,17.26.6.413,,,
1048,4239-S,2,10.24.36.413,,,
1049,3127,2,7.26.4.312,,,
1050,1510-S6,2,11.25.9.411,33.372055555555555,104.40652777777778,
1051,238,2,10.24.15.442,33.39483333333333,104.49055555555556,
1052,2458,2,8.24.9.431,,,
1053,1253-S4,2,16.26.18.331,32.91858333333333,104.42861111111112,
1054,830-C,2,11.24.3.214,33.39063888888889,104.49327777777778,
1055,192,2,11.24.2.331,33.38311111111111,104.48738888888889,
1056,2597,2,8.24.22.431,33.601416666666665,104.49138888888888,53
1057,666,2,10.24.23.142,33.433499999999995,104.4802777777778,
1058,1286,2,12.26.30.122,33.254222222222225,104.38044444444444,165
1059,240,2,11.24.6.332,,,
1060,1537-AS2,2,11.24.36.41,33.309083333333334,104.45552777777776,
1061,1540-S,2,10.24.16.132,33.44763888888888,104.51908333333331,
1062,1229-AA,2,17.26.21.332,32.81594444444444,104.39261111111112,38
1063,2414-S4,2,7.26.30.142,,,
1064,903-S2,2,10.24.15.3344,33.439527777777776,104.50133333333332,
1065,1511-S,2,16.25.1.L-4,32.964222222222226,104.44694444444444,
1066,371,2,10.24.34.313,33.399,104.50538888888887,
1067,1474-A,2,17.26.26.221,,,
1068,1867,2,11.24.14.241,33.36030555555556,104.47416666666666,
1069,33-S,2,15.25.26.414,32.98286111111111,104.40908333333334,
1070,1183,2,17.26.15.211,32.842083333333335,104.3676111111111,
1071,877,2,10.24.15.133,33.44638888888888,104.50497222222222,
1072,2376,2,9.24.5.311,33.56205555555555,104.53502777777776,183
1073,1913,2,11.23.12.442,33.3685,104.5611111111111,
1074,1694;1694-S,2,15.25.31.313,32.96902777777778,104.49019444444444,
1075,1310,2,13.26.29.113,,,
1076,3128-S,2,9.24.11.133,33.54983333333333,104.48325,
1077,2375-S2,2,9.24.5.112,33.568583333333336,104.5321388888889,
1078,1007,2,15.25.27.211,32.99305555555556,104.42980555555556,
1079,2456-S2,2,8.24.5.342,33.64463888888889,104.53,
1080,1238-S7,2,11.24.23.212,33.34975,104.47511111111112,
1081,491,2,10.24.15.432,33.44519444444444,104.49547222222222,
1082,1154,2,14.26.17.233,33.10608333333334,104.36197222222222,
1083,1250 POD 4,2,10.24.10.223,,,
1084,1220-S-1220A,2,10.24.34.414,33.39819444444444,104.49388888888888,
1085,1255,2,13.26.29.331,33.15694444444444,104.36991666666664,176
1086,716-S,2,11.24.23.242,33.34572222222222,104.47069444444443,
1087,661,2,12.26.30.331,33.24344444444444,104.38725,166
1088,701,2,12.25.15.1111,33.28502777777778,104.4405277777778,107
1089,1428-BS7,2,11.25.7.133,33.37388888888889,104.45119444444444,
1090,156,2,11.24.8.1131,33.377361111111114,104.54025,
1091,1456-S,2,15.25.35.433,32.96461111111111,104.41211111111112,
1092,1524-S6,2,18.26.14.234,32.75013888888889,104.34861111111113,
1093,1831;1850,2,11.24.19.333,33.335750000000004,104.55766666666666,108
1094,40,2,11.24.11.443,,,38
1095,236,2,11.25.14.331,33.35227777777778,104.37866666666666,
1096,1087,2,13.25.1.411,33.219,104.3967777777778,23
1097,1250-B,2,14.26.21.114,33.09388888888889,104.35072222222222,
1098,1427-S,2,16.25.5.131,32.959833333333336,104.51619444444444,
1099,1524-S4,2,18.26.13.111,32.75505555555556,104.34383333333332,
1100,75,2,12.26.19.431,33.259055555555555,104.38022222222222,165
1101,1299,2,16.26.17.311,32.922333333333334,104.41244444444445,
1102,1316,2,14.26.9.231,33.12036111111111,104.3446111111111,
1103,1200,2,13.25.36.234,33.14877777777778,104.3923888888889,
1104,971-A,2,10.24.22.331,33.42611111111111,104.50569444444444,
1105,558,2,16.26.20.433,32.901583333333335,104.40386111111113,
1106,20-S4,2,11.25.21.333,33.33702777777778,104.41472222222222,23
1107,1069-S,2,15.25.33.331,32.96633333333334,104.45608333333334,
1108,5110,2,14.26.32.124,,,
1109,982,2,14.25.14.1133,33.106861111111115,104.42016666666667,
1110,646,2,11.25.8.133,33.37261111111111,104.43186111111112,127
1111,216;218-S,2,11.25.21.413,,,235
1112,364,2,13.26.28.11,33.16605555555555,104.34875,
1113,364,2,11.25.16.121,33.36255555555556,104.40672222222224,
1114,2544-S2,2,11.23.27.133,33.328138888888894,104.61272222222222,
1115,404,2,16.25.5.211,32.96411111111112,104.5065,
1116,716-S4,2,11.24.13.334,33.35033333333333,104.46677777777778,
1117,2679-S,2,10.23.27.222,33.42241666666666,104.59625,
1118,716-S3,2,11.24.24.134,33.34430555555556,104.46669444444444,
1119,138-B,2,10.24.20.434,33.42477777777778,104.52761111111111,
1120,1448-A,2,12.25.36.112,,,
1121,1616B POD 2,2,13.26.8.334,33.2,104.36802777777775,
1122,1278 AS3,2,16.26.6.222,32.963972222222225,104.42122222222224,
1123,897,2,10.24.22.134,,,68
1124,1485-S,2,14.26.18.123,33.10888888888889,104.38266666666668,
1125,1286-AS,2,12.26.18.111,33.28477777777778,104.38808333333334,
1126,1458-S,2,16.25.13.1334,32.92247222222222,104.44575,116
1127,1258-S,2,16.26.32.213,,,
1128,1502-A,2,16.26.31.431,32.87522222222222,104.42072222222222,
1129,1334-BBS2,2,11.24.26.14,,,
1130,1503,2,15.26.10.112,33.03736111111111,104.33080555555556,
1131,4239-S4,2,11.24.1.234,33.38805555555555,104.46069444444444,
1132,1763,2,11.23.1.441,33.38155555555556,104.56222222222222,
1133,535;536,2,10.24.27.4121,,,
1134,18,2,10.24.29.211,33.42308333333333,104.5315,
1135,1586-S2,2,11.25.21.433,,,
1136,1113,2,10.24.29.441,,,
1137,793,2,16.26.34.111,32.88572222222222,104.37777777777777,
1138,1914,2,12.25.12.431,33.28938888888889,104.39741666666669,
1139,1449-S,2,12.25.36.141,33.23788888888889,104.40119444444446,
1140,388,2,16.26.8.441,32.93183333333333,104.39969444444444,
1141,3181-S4,2,18.26.18.233,32.74977777777778,104.41925,
1142,1522-BS3,2,10.24.22.212,33.43819444444444,104.49425,
1143,193 POD 3,2,11.24.3.222,,,
1144,1448-S2,2,12.25.36.121,33.24130555555556,104.4,
1145,3;389,2,16.26.8.133,,,
1146,1176-S2,2,18.26.15.143,32.749805555555554,104.37188888888888,17
1147,494,2,13.26.18.313,33.18866666666666,104.38775,
1148,404-S2,2,15.24.36.4244,32.96933333333334,104.49083333333331,
1149,268,2,10.24.34.433,,,
1150,443-AB,2,10.24.15.143,33.44508333333333,104.5003611111111,
1151,3993,2,11.25.22.44,,,91
1152,1213-S,2,14.26.8.331,33.11388888888889,104.3706111111111,
1153,20,2,11.25.20.141,33.34591666666667,104.42880555555556,
1154,2598,2,8.24.28.231,33.59302777777778,104.50883333333331,
1155,1526,2,11.24.35.331,33.30997222222222,104.48655555555555,
1156,575,2,13.25.3.211,33.22675,104.43105555555556,
1157,305,2,17.26.24.311,32.821111111111115,104.34355555555555,
1158,1360,2,10.24.26.143,,,
1159,1510-S8,2,11.25.9.422,33.37280555555556,104.40180555555555,
1160,1300,2,17.26.10.434,32.84302777777778,104.36755555555555,
1161,1189,2,12.25.12.433,33.28647222222222,104.39605555555556,
1162,2427,2,8.24.20.442,33.60158333333334,104.5201111111111,
1163,1292,2,17.26.20.311,32.82080555555556,104.41205555555555,38
1164,3194,2,15.26.30.123,32.991166666666665,104.3818611111111,
1165,1531-S,2,16.26.4.131,32.96011111111111,104.39402777777778,
1166,1398,2,17.25.12.211,32.853722222222224,104.4376388888889,5
1167,381,2,16.26.5.413,,,
1168,2480,2,9.24.9.142,33.5505,104.51125,
1169,1015;1012-S,2,11.24.25.341,,,
1170,1541-S,2,15.26.30.34442,32.97958333333334,104.37888888888888,
1171,2416,2,8.24.18.231,33.623472222222226,104.54513888888889,
1172,1998,2,16.26.4.311,32.94991666666667,104.39455555555556,
1173,404-S,2,15.24.36.313,32.96941666666667,104.50733333333334,
1174,2544-S3,2,11.23.28.423,33.32522222222222,104.6172222222222,
1175,589,2,16.25.2.121,32.96413888888889,104.45905555555557,
1176,20-S,2,11.25.20.121,33.349444444444444,104.42941666666668,
1177,339-B,2,10.24.34.11114,33.40811111111111,104.505,
1178,1431,2,16.26.5.331,32.94799999999999,104.41233333333334,
1179,1500-S5,2,12.25.35.13311,33.23586111111111,104.42277777777778,
1180,220-AF,2,11.24.27.300,33.325833333333335,104.50561111111112,
1181,2301,2,11.24.14.332,33.352361111111115,104.48475,
1182,150,2,10.24.27.332,33.41233333333333,104.50311111111112,
1183,903-E,2,10.24.22.1112,33.437777777777775,104.50361111111113,
1184,1495-S-3,2,12.26.31.133,33.234972222222225,104.38747222222224,
1185,1132,2,14.25.13.3111,,,
1186,1259-S2,2,14.25.15.324,33.099000000000004,104.43272222222222,203
1187,6404,2,14.26.21.332,33.08313888888889,104.3514722222222,47
1188,2684-BE,2,10.23.23.2331,33.43127777777777,104.58383333333332,
1189,475;7739,2,11.24.6.334,33.38027777777778,104.5565,
1190,1617 S-3,2,13.25.35.212,33.152,104.41033333333334,20
1191,1500-S,2,12.25.35.13134,33.23727777777778,104.42197222222222,
1192,1500-S7,2,12.25.35.244,33.23713888888889,104.42194444444443,
1193,137,2,10.24.17.211,33.451972222222224,104.53208333333332,
1194,4663 POD 12,2,10.24.36.133,,,
1195,1418,2,13.25.23.4113,33.17516666666666,104.4131388888889,
1196,1254-S3,2,14.26.28.213,33.07877777777778,104.34402777777775,
1197,333,2,11.24.3.441,,,
1198,1474-S,2,18.26.33.111,32.710861111111114,104.394,
1199,4244-S,2,11.25.7.231,33.375194444444446,104.44172222222224,
1200,1708,2,10.24.15.232,33.448277777777776,104.49355555555556,
1201,1928-AS,2,16.26.31.3112,,,
1202,497,2,11.24.3.243,33.387,104.49227777777776,
1203,1238-S9,2,11.24.13.342,33.35319444444445,104.46122222222222,
1204,1582-S3,2,11.25.21.414,33.33961111111111,104.40355555555556,235
1205,662-A,2,10.24.23.411,33.43047222222222,104.4785,
1206,1886-A,2,10.24.15.141,33.44772222222222,104.50144444444445,
1207,1514,2,17.26.33.343,32.78597222222222,104.39044444444446,38
1208,1390,2,14.26.8.433,33.110416666666666,104.36125,38
1209,255,2,10.24.35.431,33.398,104.47844444444443,
1210,1703;1858,2,18.26.34.3132,32.70177777777778,104.37647222222222,17
1211,1505-S,2,15.25.27.434,32.97936111111111,104.428,
1212,2418,2,8.24.20.231,33.61022222222223,104.52841666666669,
1213,1855,2,13.26.21.431,,,
1214,810;1046,2,17.26.26.331,,,38
1215,4383,2,13.26.7.43121,33.20116666666667,104.37852777777778,91
1216,705,2,13.25.13.133,33.19069444444444,104.4045277777778,
1217,1428-BS8,2,11.24.12.244,,,
1218,2419,2,8.24.6.333,33.64275,104.55919444444444,
1219,2377 POD 3,2,9.24.19.133,33.51863888888889,104.55427777777776,
1220,1688,2,11.24.11.323,33.36886111111111,104.4833888888889,38
1221,2602,2,8.24.33.4133,33.57330555555556,104.51005555555555,
1222,762,2,16.26.17.113,32.92644444444444,104.41194444444444,
1223,1505-S2,2,15.25.27.433,32.97936111111111,104.4291388888889,
1224,2132-S3,2,18.26.24.131,32.73661111111111,104.34363888888888,
1225,3200 POD 8,2,20.26.6.412,32.60138888888889,104.41694444444444,
1226,1045,2,17.26.16.411,32.83538888888889,104.38669444444444,
1227,604,2,16.24.1.LOT5,32.96102777777778,104.54747222222224,
1228,1044,2,17.26.16.331,32.83533333333334,104.39522222222224,
1229,1495-S-4,2,12.26.31.234,33.234611111111114,104.37738888888887,
1230,1487-ABS,2,16.26.30.4424,32.88919444444444,104.41302777777778,
1231,1695-S,2,14.26.8.311,33.11702777777778,104.36905555555556,
1232,1396-S2,2,14.25.13.221,33.106500000000004,104.39202777777778,
1233,1248,2,13.25.3.433,33.21241666666667,104.4256388888889,
1234,1113-S,2,10.24.28.3321,33.410777777777774,104.52105555555556,
1235,1571,2,12.25.16.111,33.284416666666665,104.45702777777778,
1236,1542-S2,2,13.25.27.141,33.16444444444444,104.43461111111112,
1237,342,2,12.25.35.133,33.236361111111115,104.42225,
1238,1571-S2,2,12.25.16.1142,32.28308333333333,104.45402777777778,
1239,1058-A,2,10.24.8.444,33.45261111111111,104.5315,
1240,55-B,2,11.24.7.214,33.377944444444445,104.54744444444444,
1241,1588-CS,2,16.25.24.344,32.90105555555555,104.4405,38
1242,877-S,2,10.24.26.331,33.412194444444445,104.48322222222222,
1243,1032,2,13.25.15.311,33.19011111111111,104.43994444444444,
1244,1886-AA-1887,2,10.24.15.123,,,
1245,86,2,10.24.27.331,33.41222222222222,104.50547222222222,158
1246,702,2,11.25.30.421,33.32780555555556,104.4355,
1247,420,2,11.25.18.442,33.35327777777778,104.436,
1248,1547-A,2,17.26.19.322,32.82002777777778,104.42113888888888,38
1249,4688,2,11.25.18.132,33.36097222222222,104.44947222222224,
1250,1346-C,2,11.24.27.134,33.32844444444445,104.50241666666666,
1251,2456-S3,2,8.24.5.112,33.655944444444444,104.53483333333332,
1252,1691,2,11.24.27.2311,33.33197222222223,104.4966388888889,166
1253,117,2,13.26.19.211,33.18158333333333,104.37930555555556,
1254,3832,2,17.26.9.113,32.85444444444445,104.3449722222222,144
1255,1329,2,14.26.7.433,33.11108333333333,104.37869444444443,
1256,560,2,12.26.32.1332,33.2355,104.3696111111111,
1257,740,2,17.26.33.443,32.78508333333333,104.38213888888887,
1258,1578-S,2,17.26.15.321,32.83541666666667,104.37377777777778,38
1259,1890;CS,2,16.25.10.224,32.94252777777778,104.46502777777778,
1260,2756,2,10.23.33.142,33.40436111111111,104.62205555555556,
1261,291-S2,2,16.25.9.211,32.94475,104.48988888888888,23
1262,386;387,2,17.26.23.213,32.825361111111114,104.35216666666666,38
1263,246-S3,2,11.24.1.333,,,38
1264,3965-S,2,11.24.12.413,32.3695,104.46075,
1265,410,2,13.26.30.213,33.16525,104.37955555555556,
1266,4239-S6,2,10.24.36.233,33.40247222222222,104.46058333333332,
1267,563,2,13.25.24.433,33.16958333333333,104.396,
1268,579,2,13.25.10.343,33.19797222222222,104.43586111111112,
1269,986-A,2,11.24.24.433,,,
1270,603,2,16.24.1.121,32.96355555555556,104.54597222222222,
1271,3356,2,14.26.3.123,,,
1272,1516 POD 5,2,11.25.5.333,33.37994444444445,104.43386111111111,127
1273,1135,2,13.26.16.131,33.19336111111111,104.35305555555556,
1274,1284-S4,2,13.25.11.332,33.20011111111111,104.41516666666668,
1275,1452,2,12.25.34.431,33.23019444444444,104.43158333333334,
1276,497-S,2,11.24.3.244,33.38697222222222,104.49019444444444,
1277,1270,2,14.25.14.124,33.10655555555556,104.41591666666667,203
1278,1400-A,2,13.25.2.211,33.22680555555556,104.40805555555556,
1279,353,2,11.24.14.213,33.361583333333336,104.47886111111112,
1280,380,2,10.24.27.113,33.416694444444445,104.50505555555556,
1281,1239-A,2,16.26.7.141,32.940749999999994,104.42508333333332,
1282,1417-D,2,10.25.31.413,33.39819444444444,104.44225,
1283,87,2,13.25.11.211,,,
1284,1606,2,17.26.3.231,32.867694444444446,104.36827777777778,
1285,1264,2,14.26.5.111,33.139361111111114,104.37038888888888,38
1286,1502-E,2,11.24.15.431,33.353861111111115,104.49469444444443,
1287,403,2,16.24.1.241,32.95588888888889,104.53677777777776,
1288,2684,2,10.23.15.444,,,
1289,1307,2,17.26.29.413,32.80322222222222,104.40386111111113,38
1290,892;286-4,2,16.26.6.444,32.94458333333333,104.41408333333334,
1291,636,2,15.26.18.122,33.02291666666667,104.38405555555556,
1292,3021,2,14.23.24.211,33.394888888888886,104.49030555555557,203
1293,364,2,11.25.16.213,33.36388888888889,104.40780555555556,91
1294,206-AS2,2,10.23.24.234,33.431416666666664,104.56366666666666,
1295,1014-S,2,11.24.22.344,33.33588888888889,104.49691666666666,38
1296,2555,2,11.23.15.222,33.36441666666667,104.59638888888888,108
1297,291-S3,2,16.25.4.331,32.94763888888888,104.49797222222222,23
1298,130-S,2,11.25.31.133,33.31430555555555,104.45058333333334,
1299,661,2,11.25.18.331,33.352222222222224,104.45072222222224,
1300,1167 A,2,18.26.18.41124,32.74725,104.41897222222222,
1301,804,2,13.26.18.444,33.18461111111111,104.37302777777776,23
1302,79,2,10.24.27.4331,33.41047222222222,104.49638888888887,
1303,235-A,2,11.25.16.431111,33.35411111111111,104.4068888888889,
1304,1518-A,2,15.26.18.112,33.02280555555556,104.38469444444443,
1305,1204-S3,2,14.25.25.113,33.07758333333334,104.40480555555555,
1306,2684-E,2,10.23.15.433,33.43808333333333,104.60188888888888,
1307,141,2,10.24.26.134,33.42688888888889,104.4623888888889,
1308,1448-S,2,12.25.36.211,33.24136111111111,104.39708333333334,
1309,1387-S5,2,11.25.34.311,33.31225,104.39766666666668,
1310,659,2,10.24.27.432,33.41211111111111,104.49427777777778,
1311,1396-S,2,14.26.18.133,33.10466666666667,104.38766666666668,
1312,1297-BS3,2,12.25.11.441,33.28791666666667,104.40969444444444,
1313,703,2,10.24.27.411,33.41572222222222,104.49686111111112,
1314,1387-S8,2,11.25.34.131,33.315444444444445,104.39772222222224,
1315,4033-S6,2,11.24.12.2134,,,
1316,4239-S5,2,11.24.1.3334,,,38
1317,1387-S,2,11.25.33.413,33.31144444444444,104.40611111111112,
1318,1541,2,15.26.30.131,33.394888888888886,104.4948888888889,
1319,1541-S5,2,15.26.30.331,,,
1320,1495-AS,2,11.24.10.321,33.37230555555556,104.4995,
1321,2755-A,2,10.23.27.113,33.421,104.61163888888888,
1322,1396-S3,2,14.26.18.422,33.19744444444444,104.37305555555557,
1323,1375,2,14.26.23.232,33.09238888888889,104.30708333333332,
1324,1538S,2,12.25.27.312,33.248194444444444,104.43652777777778,
1325,1323-S2,2,14.26.14.1311,33.10638888888889,104.31797222222222,
1326,1415,2,13.25.13.113,33.194694444444444,104.40444444444444,
1327,4337,2,10.24.25.311,33.41588888888889,104.46933333333334,
1328,1439-S3,2,15.26.31.333,32.964666666666666,104.3871388888889,
1329,81,2,13.25.28.421,33.16036111111111,104.44358333333334,
1330,1387,2,11.25.33.323,,,
1331,462,2,11.24.3.133,33.388444444444445,104.50488888888889,38
1332,600,2,17.26.33.223,32.79597222222222,104.38247222222222,
1333,807,2,17.26.33.333,32.78525,104.39483333333334,
1334,657,2,13.25.24.211,33.18225,104.39591666666668,
1335,2204 POD3,2,13.26.7.411,33.20419444444445,104.37888888888888,
1336,1414-S2,2,17.26.11.321,32.84719444444445,104.35669444444444,
1337,1433-S,2,17.26.28.323,,,
1338,2456-S4,2,8.24.5.141,33.65197222222222,104.53125,
1339,1387-S4,2,11.25.34.113,33.31725,104.39786111111113,
1340,1430,2,17.26.29.131,32.80922222222222,104.4123888888889,38
1341,2679,2,10.23.27.234,33.42102777777777,104.61163888888888,
1342,982.S2,2,14.25.11.222,33.12430555555556,104.40519444444443,
1343,593; 594,2,17.26.29.433,32.79988888888889,104.40391666666667,38
1344,1324-POD4,2,13.26.20.143,33.177166666666665,104.36444444444444,23
1345,1334-B,2,11.24.27.431,33.32441666666667,104.49669444444444,
1346,1441,2,15.26.30.411,32.98588888888889,104.3775,
1347,1504-S3,2,16.26.31.243,32.87888888888889,104.41733333333332,
1348,1368-S,2,13.26.28.221,33.168166666666664,104.33891666666666,85
1349,1210-S,2,18.26.23.211,32.73983333333334,104.35238888888888,
1350,1215,2,19.26.10.112,32.68238888888889,104.37475,
1351,1171-S2,2,18.26.10.411,32.76119444444444,104.36952777777778,
1352,297-S,2,18.26.15.331,32.74425,104.37844444444444,17
1353,3134,2,9.24.2.412,33.56088888888888,104.47338888888888,
