well_id,name,sRANumber,location_id
1,0941-A-E,0941-A-E,115
2,1 & 595,1 & 595,1019
3,1002,1002,643
4,1007,1007,1078
5,1009,1009,711
6,1010,1010,784
7,1011,1011,745
8,1011-S,1011-S,748
9,1012,1012,213
10,1014,1014,978
11,1014 POD3,1014 POD3,476
12,1014-A,1014-A,99
13,1014-AS,1014-AS,921
14,1014-S,1014-S,1295
15,1015,1015,979
16,1015;1012-S,1015;1012-S,1169
17,1017-A,1017-A,453
18,1020-S,1020-S,350
19,1020-S2,1020-S2,886
20,1024/381POD3,1024/381POD3,970
21,1026,1026,309
22,10265,10265,500
23,10266,10266,100
24,1028,1028,981
25,1029,1029,1035
26,10313,10313,549
27,10313 POD2,10313 POD2,549
28,1032,1032,1243
29,1033,1033,591
30,10335,10335,243
31,10342,10342,334
32,10342 POD 2,10342 POD 2,334
33,1037,1037,868
34,1039,1039,812
35,10392,10392,611
36,104,104,846
37,1044,1044,1228
38,1045,1045,1226
39,1046POD2,1046POD2,870
40,1048,1048,142
41,1050,1050,707
42,1054,1054,71
43,1058-A,1058-A,1239
44,10616,10616,178
45,1063,1063,49
46,10639,10639,33
47,1064,1064,1016
48,1065,1065,199
49,10674,10674,618
50,10675/ 637B,10675/ 637B,176
51,1069,1069,759
52,1069-BAA,1069-BAA,337
53,1069-S,1069-S,1107
54,1069-S2,1069-S2,226
55,1069-S3,1069-S3,98
56,10716,10716,330
57,10718,10718,326
58,1074,1074,725
59,1078,1078,370
60,1078-S,1078-S,370
61,10817,10817,322
62,10818,10818,324
63,10836,10836,622
64,10840 POD 2,10840 POD 2,557
65,1087,1087,1096
66,10898,10898,323
67,1090,1090,1037
68,10907,10907,653
69,10917,10917,345
70,10918,10918,329
71,10929,10929,325
72,1094,1094,474
73,10949,10949,328
74,1097,1097,675
75,10973,10973,346
76,10977,10977,667
77,10;1168,10;1168,223
78,1100,1100,819
79,11008,11008,242
80,1101,1101,230
81,1104,1104,818
82,11046,11046,241
83,1112,1112,134
84,1113,1113,1136
85,1113-S,1113-S,1234
86,1115,1115,1023
87,1117,1117,949
88,1123,1123,531
89,1123-S,1123-S,893
90,1127,1127,767
91,1128,1128,226
92,113,113,227
93,1130,1130,108
94,1131-S,1131-S,205
95,1132,1132,1185
96,1132 POD 10,1132 POD 10,512
97,1132 POD 13,1132 POD 13,512
98,1132-S,1132-S,176
99,1132-S6,1132-S6,379
100,1132-S7,1132-S7,379
101,11337,11337,374
102,1135,1135,1273
103,1136-A,1136-A,631
104,1136-D-A,1136-D-A,255
105,1138-AA;967,1138-AA;967,433
106,114,114,859
107,114-S,114-S,61
108,114-S2,114-S2,77
109,1149,1149,594
110,1152,1152,41
111,1152-S2,1152-S2,41
112,1153,1153,993
113,11539 POD 1,11539 POD 1,504
114,11539 POD 2,11539 POD 2,504
115,1154,1154,1082
116,1154-S,1154-S,770
117,1156,1156,306
118,1158,1158,536
119,1158-S,1158-S,19
120,1159-E,1159-E,491
121,1159-S,1159-S,187
122,1159-S3,1159-S3,187
123,1159-S8,1159-S8,287
124,11643,11643,413
125,1165-POD 12,1165-POD 12,456
126,1165-S3,1165-S3,62
127,1165-S6,1165-S6,56
128,1167,1167,88
129,1167 A,1167 A,1300
130,1167-731B,1167-731B,138
131,1169,1169,463
132,117,117,1253
133,1170,1170,565
134,1171,1171,168
135,1171-S,1171-S,168
136,1171-S2,1171-S2,1351
137,1174,1174,53
138,1175,1175,274
139,1176 POD 3,1176 POD 3,173
140,1176-S2,1176-S2,1146
141,1183,1183,1070
142,1185-A,1185-A,1007
143,1186-POD2,1186-POD2,423
144,1186;1481,1186;1481,47
145,1188,1188,48
146,1189,1189,1161
147,119,119,428
148,1191,1191,535
149,1191;1191SA,1191;1191SA,210
150,1193,1193,738
151,1193-AA,1193-AA,991
152,1195,1195,741
153,1198-S,1198-S,97
154,1200,1200,1103
155,1201-A,1201-A,688
156,1204,1204,107
157,1204-S2,1204-S2,26
158,1204-S3,1204-S3,1305
159,1204-S4,1204-S4,26
160,1204;637B,1204;637B,1305
161,1206,1206,1030
162,1207,1207,1019
163,1207 POD 2,1207 POD 2,558
164,1210,1210,600
165,1210 POD 7,1210 POD 7,600
166,1210-S,1210-S,1349
167,1211,1211,871
168,1213,1213,79
169,1213-S,1213-S,1152
170,1215,1215,1350
171,1217,1217,729
172,1220,1220,802
173,1220-S-1220A,1220-S-1220A,1084
174,1220-S2,1220-S2,971
175,1221,1221,179
176,1223,1223,915
177,1226,1226,27
178,1227,1227,883
179,1228-S,1228-S,181
180,1229,1229,828
181,1229-AA,1229-AA,1062
182,1229-POD3,1229-POD3,890
183,1230,1230,555
184,1232 &1286,1232 &1286,276
185,1232-AA,1232-AA,402
186,1232-AAS,1232-AAS,402
187,123483 POD 1,123483 POD 1,528
188,1238 POD12,1238 POD12,666
189,1238 POD13,1238 POD13,733
190,1238-S2,1238-S2,766
191,1238-S5,1238-S5,989
192,1238-S7,1238-S7,1080
193,1238-S9,1238-S9,1203
194,1239-A,1239-A,1281
195,1241 POD2,1241 POD2,462
196,1243-A,1243-A,774
197,1243-C,1243-C,932
198,1246-A,1246-A,42
199,1248,1248,1233
200,1248-A-S,1248-A-S,244
201,12482 exp,12482 exp,515
202,1249,1249,714
203,125,125,938
204,1250 POD 4,1250 POD 4,1083
205,1250-A,1250-A,158
206,1250-B,1250-B,1097
207,1250-D,1250-D,135
208,1250-E,1250-E,607
209,1250-F POD2,1250-F POD2,437
210,1251,1251,1001
211,1253-S,1253-S,1053
212,1253-S4,1253-S4,1053
213,1253POD5,1253POD5,383
214,1254-S3,1254-S3,1196
215,1254-S4,1254-S4,45
216,1255,1255,1085
217,1255 POD3,1255 POD3,566
218,1255-A,1255-A,130
219,1258,1258,1127
220,1258-S,1258-S,1127
221,1259,1259,647
222,1259 POD 6,1259 POD 6,488
223,1259-S,1259-S,1045
224,1259-S2,1259-S2,1186
225,1259-S3,1259-S3,33
226,126,126,60
227,1262,1262,16
228,1262-S-2,1262-S-2,282
229,1263 POD 12,1263 POD 12,276
230,1263 POD 13,1263 POD 13,588
231,1263 POD 14,1263 POD 14,587
232,1263-A-S,1263-A-S,486
233,1263-C-A-A,1263-C-A-A,430
234,1263-CAA,1263-CAA,430
235,1263-F,1263-F,206
236,1263-S,1263-S,206
237,1264,1264,1285
238,1265,1265,702
239,1265 POD 2,1265 POD 2,175
240,1267 POD 7,1267 POD 7,539
241,1267-S2,1267-S2,460
242,1267-S3,1267-S3,268
243,1267;1268,1267;1268,655
244,1269,1269,865
245,1269S,1269S,537
246,1270,1270,1277
247,1270 POD15,1270 POD15,556
248,1270-B,1270-B,416
249,1270-S2,1270-S2,891
250,1270-S6;202-S,1270-S6;202-S,900
251,1271,1271,396
252,1271-S,1271-S,809
253,1271-S3,1271-S3,1036
254,1273,1273,867
255,1278,1278,698
256,1278 AS,1278 AS,59
257,1278 AS3,1278 AS3,1122
258,1278 AS4,1278 AS4,585
259,1278 AS5,1278 AS5,28
260,1279,1279,625
261,1279-S,1279-S,583
262,1280 POD 7,1280 POD 7,937
263,1280;1617,1280;1617,907
264,1280;1617-S2,1280;1617-S2,726
265,1280;1617-S4,1280;1617-S4,680
266,12817,12817,630
267,1284,1284,363
268,1284 POD 8,1284 POD 8,598
269,1284 POD6,1284 POD6,473
270,1284-S4,1284-S4,1274
271,1286,1286,1058
272,1286-A,1286-A,1125
273,1286-AS,1286-AS,1125
274,1286-S,1286-S,484
275,12887 POD 2,12887 POD 2,626
276,1288;1522,1288;1522,595
277,1290,1290,756
278,1292,1292,1163
279,1292-S,1292-S,1020
280,1293,1293,61
281,1295,1295,136
282,1295-S,1295-S,861
283,1296,1296,833
284,1296-A,1296-A,223
285,1296-S,1296-S,715
286,1296-S-4,1296-S-4,153
287,1296-S2,1296-S2,161
288,1297-B,1297-B,942
289,1297-B-S-3,1297-B-S-3,186
290,1297-BS,1297-BS,942
291,1297-BS2,1297-BS2,942
292,1297-BS3,1297-BS3,1312
293,12974 pod 1,12974 pod 1,630
294,1298-S,1298-S,106
295,1299,1299,1101
296,1299-S,1299-S,808
297,130-S,130-S,1298
298,130-S2,130-S2,672
299,1300,1300,1160
300,1302,1302,761
301,1302 POD  4,1302 POD  4,513
302,1302-A,1302-A,339
303,1302-S,1302-S,32
304,1302-S2,1302-S2,514
305,1306-S,1306-S,627
306,13060 POD1,13060 POD1,596
307,1306E,1306E,727
308,1307,1307,1289
309,13071-POD 1,13071-POD 1,621
310,13090 POD 1,13090 POD 1,615
311,1310,1310,1075
312,1310-S,1310-S,295
313,1312,1312,1038
314,1314,1314,157
315,1314-POD4,1314-POD4,112
316,1314-S-2,1314-S-2,279
317,1316,1316,1102
318,1316-A,1316-A,955
319,1317,1317,848
320,"1318,1319","1318,1319",1297
321,1323 POD 9,1323 POD 9,633
322,1323 POD4,1323 POD4,1000
323,1323-A,1323-A,691
324,1323-S,1323-S,897
325,1323-S2,1323-S2,1325
326,1323AAC,1323AAC,561
327,1324,1324,684
328,1324-POD4,1324-POD4,1344
329,1324-S,1324-S,317
330,1324-S-2,1324-S-2,312
331,1326,1326,475
332,1328,1328,114
333,1329,1329,1255
334,1329-S,1329-S,146
335,1329-S2,1329-S2,193
336,1330,1330,342
337,1331,1331,946
338,1331POD2,1331POD2,438
339,1333-A,1333-A,89
340,1333-B,1333-B,173
341,1333-E,1333-E,906
342,1334 POD8,1334 POD8,546
343,1334-A,1334-A,419
344,1334-A-POD4,1334-A-POD4,419
345,1334-AS,1334-AS,419
346,1334-B,1334-B,1345
347,1334-BB,1334-BB,908
348,1334-BBS2,1334-BBS2,1129
349,1334-BS,1334-BS,1129
350,1335-B,1335-B,85
351,1335;3169-BS,1335;3169-BS,254
352,1337-A,1337-A,569
353,1337-C,1337-C,50
354,1337-CS,1337-CS,895
355,133;1111,133;1111,159
356,1343,1343,889
357,1343-S,1343-S,841
358,1344 S,1344 S,503
359,1344-A,1344-A,344
360,1346-BA,1346-BA,468
361,1346-C,1346-C,1250
362,1346-D,1346-D,911
363,1348,1348,219
364,1349,1349,36
365,1349-A,1349-A,36
366,1350-A,1350-A,651
367,1352,1352,224
368,1353,1353,872
369,1355,1355,34
370,1355-A,1355-A,34
371,1356,1356,1026
372,1360,1360,1158
373,1360-S,1360-S,1158
374,1368,1368,178
375,1368 POD,1368 POD,269
376,1368-S,1368-S,1348
377,1368-S2,1368-S2,269
378,1368-S3,1368-S3,962
379,1368-S6,1368-S6,178
380,1369-S,1369-S,496
381,137,137,1193
382,1370,1370,914
383,1371-A,1371-A,49
384,1375,1375,1323
385,1376,1376,253
386,1376 POD4,1376 POD4,353
387,1376-S,1376-S,253
388,1378,1378,30
389,1379,1379,65
390,1379-S,1379-S,904
391,138,138,604
392,138-B,138-B,1119
393,1380,1380,1043
394,1380-S,1380-S,999
395,1382-B,1382-B,441
396,1382-B;9279,1382-B;9279,636
397,1382-BB,1382-BB,641
398,1385,1385,845
399,1387,1387,1330
400,1387 POD 14,1387 POD 14,553
401,1387 POD 15,1387 POD 15,554
402,1387-S,1387-S,1317
403,1387-S2,1387-S2,204
404,1387-S3,1387-S3,169
405,1387-S4,1387-S4,1339
406,1387-S5,1387-S5,1309
407,1387-S6,1387-S6,68
408,1387-S7,1387-S7,68
409,1387-S8,1387-S8,1314
410,1389,1389,579
411,1390,1390,1208
412,1391,1391,55
413,1392,1392,55
414,1396,1396,24
415,1396-S,1396-S,1311
416,1396-S2,1396-S2,1232
417,1396-S3,1396-S3,1322
418,1398,1398,1166
419,1399,1399,807
420,14,14,80
421,14-A,14-A,1005
422,1400-A,1400-A,1278
423,1402-S2,1402-S2,669
424,1402;1328,1402;1328,119
425,1402AD 7168-2,1402AD 7168-2,521
426,1403,1403,220
427,1404,1404,220
428,1404-A,1404-A,459
429,1404-AS,1404-AS,458
430,1405-S,1405-S,709
431,1408,1408,561
432,1409,1409,163
433,141,141,1307
434,1411-AS,1411-AS,827
435,1411-D,1411-D,493
436,1412-B,1412-B,490
437,1412-C,1412-C,72
438,1414,1414,125
439,1414-S2,1414-S2,1336
440,1414C OR 1414CC,1414C OR 1414CC,245
441,1415,1415,1326
442,1415 Pod 4,1415 Pod 4,541
443,1415-S,1415-S,1326
444,1417 1478 POD 2,1417 1478 POD 2,66
445,1417-B,1417-B,31
446,1417-C;1417-CC,1417-C;1417-CC,57
447,1417-CS4,1417-CS4,983
448,1417-D,1417-D,1282
449,1418,1418,1195
450,1418 POD 5,1418 POD 5,543
451,1418-A,1418-A,597
452,1418-S2,1418-S2,63
453,1419,1419,261
454,1419-AA,1419-AA,197
455,1419-AAS,1419-AAS,293
456,1422-S2,1422-S2,1011
457,1423,1423,400
458,1423-S,1423-S,1004
459,1423-S2,1423-S2,110
460,1423POD4,1423POD4,401
461,1424-A,1424-A,16
462,1424-S,1424-S,250
463,1424-S2,1424-S2,692
464,1424-S3,1424-S3,150
465,1424-S4,1424-S4,742
466,1425 into 9497,1425 into 9497,412
467,14265,14265,664
468,1427,1427,160
469,1427 POD 6,1427 POD 6,35
470,1427-S,1427-S,1098
471,1428,1428,202
472,1428 POD 3,1428 POD 3,429
473,1428-A;1879,1428-A;1879,46
474,1428-B,1428-B,303
475,1428-BS4,1428-BS4,840
476,1428-BS5,1428-BS5,52
477,1428-BS7,1428-BS7,1089
478,1428-BS8,1428-BS8,1217
479,1428-S,1428-S,202
480,1429;1376-S2,1429;1376-S2,933
481,143,143,963
482,143-S,143-S,960
483,143-S2,143-S2,795
484,1430,1430,1340
485,1431,1431,1178
486,1432;2475,1432;2475,1002
487,1433 POD 4,1433 POD 4,582
488,1433-S,1433-S,1337
489,1435,1435,167
490,1439-S3,1439-S3,1328
491,1440 POD 3,1440 POD 3,501
492,1441,1441,1346
493,1443,1443,74
494,1445-AS2,1445-AS2,294
495,1447,1447,584
496,1447-S POD 5,1447-S POD 5,495
497,1447;1530-S,1447;1530-S,264
498,1447;1530-S2,1447;1530-S2,263
499,1448-A,1448-A,1120
500,1448-S,1448-S,1308
501,1448-S2,1448-S2,1144
502,1448-S4,1448-S4,278
503,1449,1449,117
504,1449-S,1449-S,1139
505,1452,1452,1275
506,1452-S2,1452-S2,888
507,1452-S3,1452-S3,700
508,1453 A,1453 A,285
509,1453-AS,1453-AS,285
510,1453-C,1453-C,436
511,1455 POD 4,1455 POD 4,338
512,1455 S-2,1455 S-2,474
513,1455-S,1455-S,252
514,1456,1456,74
515,1456-S,1456-S,1091
516,1458,1458,589
517,1458-S,1458-S,1126
518,1458-S2,1458-S2,39
519,1459,1459,341
520,1461,1461,403
521,1461 BS-BB,1461 BS-BB,519
522,1461 POD4,1461 POD4,385
523,1461-B-B-A,1461-B-B-A,822
524,1461-BA,1461-BA,444
525,1461-S,1461-S,403
526,1465,1465,256
527,1465-E,1465-E,256
528,1469;1508-A,1469;1508-A,837
529,1470 Pod 3,1470 Pod 3,542
530,1470-S,1470-S,84
531,1471,1471,281
532,1472-S,1472-S,974
533,1472-S2,1472-S2,127
534,1472-S3,1472-S3,905
535,1474,1474,29
536,1474-A,1474-A,1067
537,1474-S,1474-S,1198
538,1475-A,1475-A,426
539,1478;1520-L,1478;1520-L,586
540,1479,1479,1047
541,1480,1480,857
542,1480-S,1480-S,424
543,1481-D,1481-D,483
544,1481-POD 8,1481-POD 8,772
545,1481-S2,1481-S2,104
546,1481-S3,1481-S3,772
547,1481-S4,1481-S4,247
548,1481-S5,1481-S5,405
549,1481-S6,1481-S6,804
550,1485-S,1485-S,1124
551,1485-S3,1485-S3,511
552,1487-A,1487-A,149
553,1487-ABS,1487-ABS,1230
554,1487-AE,1487-AE,391
555,1488,1488,501
556,1488-S,1488-S,214
557,149-C,149-C,732
558,1491-A,1491-A,716
559,1491-S,1491-S,69
560,1495,1495,70
561,1495-AS,1495-AS,1320
562,1495-B,1495-B,986
563,1495-S-3,1495-S-3,1184
564,1495-S-4,1495-S-4,1229
565,1495-S6,1495-S6,1184
566,150,150,1182
567,1500 POD16,1500 POD16,628
568,1500-S,1500-S,1191
569,1500-S5,1500-S5,1179
570,1500-S6,1500-S6,381
571,1500-S7,1500-S7,1192
572,1500-S8,1500-S8,188
573,1502-A,1502-A,1128
574,1502-E,1502-E,1286
575,1503,1503,1130
576,1503-D;2088-A,1503-D;2088-A,466
577,1503;1578-S,1503;1578-S,855
578,1504,1504,487
579,1504-S2,1504-S2,421
580,1504-S3,1504-S3,1347
581,1505,1505,267
582,1505 POD 4,1505 POD 4,92
583,1505-S,1505-S,1211
584,1505-S2,1505-S2,1223
585,1506-G,1506-G,377
586,1507,1507,177
587,151,151,534
588,1510-S4,1510-S4,361
589,1510-S6,1510-S6,1050
590,1510-S8,1510-S8,1159
591,1511,1511,687
592,1511-A,1511-A,734
593,1511-S,1511-S,1065
594,1512,1512,516
595,1514,1514,1207
596,1515,1515,972
597,1516,1516,124
598,1516 POD 5,1516 POD 5,1272
599,1516 POD 6,1516 POD 6,418
600,1516-S,1516-S,973
601,1518-A,1518-A,1304
602,1518-S4,1518-S4,340
603,1519,1519,797
604,1519 POD 5,1519 POD 5,464
605,1519-S,1519-S,67
606,1519-S2,1519-S2,492
607,1520-H;1521-H,1520-H;1521-H,320
608,1521 POD 4,1521 POD 4,422
609,1521-M,1521-M,343
610,1522-BS3,1522-BS3,1142
611,1522-C,1522-C,657
612,1524 S5,1524 S5,509
613,1524-S,1524-S,212
614,1524-S3,1524-S3,1033
615,1524-S4,1524-S4,1099
616,1524-S6,1524-S6,1092
617,1525,1525,452
618,1525 POD3,1525 POD3,860
619,1525-B,1525-B,623
620,1525-S,1525-S,452
621,1525POD5,1525POD5,885
622,1526,1526,1155
623,1527-F,1527-F,613
624,1530-S,1530-S,275
625,1530-S-2,1530-S-2,116
626,1531,1531,799
627,1531-S,1531-S,1165
628,1531-S2,1531-S2,799
629,1535,1535,678
630,1535-S,1535-S,64
631,1536,1536,988
632,15368 BC,15368 BC,576
633,1537-AS2,1537-AS2,1060
634,1537-AS3,1537-AS3,1060
635,1537-S2,1537-S2,415
636,1537-S4,1537-S4,506
637,1537-S5,1537-S5,415
638,1537-S;1338-F,1537-S;1338-F,794
639,1537;1338-F,1537;1338-F,506
640,1538 C-A,1538 C-A,652
641,1538-CD,1538-CD,371
642,1538S,1538S,1324
643,1540 -AE,1540 -AE,25
644,1540 A-B,1540 A-B,665
645,1540-S,1540-S,1061
646,1541,1541,1318
647,1541-S,1541-S,1170
648,1541-S5,1541-S5,1319
649,1542,1542,771
650,1542-S,1542-S,121
651,1542-S2,1542-S2,1236
652,1542-S3,1542-S3,211
653,1543,1543,184
654,1543-A,1543-A,451
655,1543-A-S-5,1543-A-S-5,485
656,1543-AS3,1543-AS3,450
657,1543-S,1543-S,591
658,1547,1547,300
659,1547-A,1547-A,1248
660,1557 POD 5,1557 POD 5,479
661,1557 POD 8,1557 POD 8,602
662,1557 POD7,1557 POD7,284
663,1557-POD6,1557-POD6,352
664,1557-S-2,1557-S-2,266
665,156,156,1090
666,1571,1571,1235
667,1571-S2,1571-S2,1238
668,1572,1572,189
669,1572 POD,1572 POD,189
670,1572 S,1572 S,189
671,1578,1578,289
672,1578-S,1578-S,1258
673,158,158,681
674,158-S,158-S,924
675,1580,1580,58
676,1582,1582,420
677,1582-POD5,1582-POD5,420
678,1582-S3,1582-S3,1204
679,1583,1583,113
680,1586,1586,270
681,1586-S,1586-S,246
682,1586-S2,1586-S2,1135
683,1588,1588,697
684,1588-A,1588-A,147
685,1588-CS,1588-CS,1241
686,1588-S,1588-S,697
687,1589,1589,406
688,1589 POD3,1589 POD3,406
689,1589-A,1589-A,832
690,1589-C,1589-C,102
691,1589C POD 2,1589C POD 2,102
692,159,159,358
693,1606,1606,1284
694,1606-S2,1606-S2,965
695,161,161,355
696,1616-C,1616-C,789
697,1616B POD 2,1616B POD 2,1121
698,1617 S-3,1617 S-3,1190
699,161A,161A,355
700,1626 POD 2,1626 POD 2,838
701,1626;1626-A,1626;1626-A,881
702,163,163,877
703,163-S,163-S,248
704,164,164,164
705,165,165,532
706,1657,1657,1337
707,1662,1662,800
708,1668,1668,743
709,1677 POD 3,1677 POD 3,18
710,1677 POD-2,1677 POD-2,18
711,1678,1678,123
712,16789-S2,16789-S2,570
713,1679 S,1679 S,570
714,1679 S2,1679 S2,570
715,1679-S2,1679-S2,570
716,1680,1680,129
717,1683-S2,1683-S2,75
718,1684-S,1684-S,308
719,1687,1687,137
720,1688,1688,1220
721,1691,1691,1252
722,1694-S POD 2,1694-S POD 2,298
723,1694;1694-S,1694;1694-S,1074
724,1695-S,1695-S,1231
725,1696 POD4,1696 POD4,572
726,1696-S2,1696-S2,307
727,1697,1697,51
728,1701,1701,1012
729,1703;1858,1703;1858,1210
730,1708,1708,1200
731,1716,1716,201
732,1716-S,1716-S,201
733,1717 POD 4,1717 POD 4,866
734,1717 S,1717 S,590
735,171;173,171;173,762
736,1720,1720,599
737,1722,1722,961
738,174,174,1184
739,1752;1182,1752;1182,131
740,1763,1763,1132
741,1776,1776,343
742,1777,1777,409
743,1788,1788,433
744,18,18,1134
745,1811,1811,663
746,1813,1813,721
747,1826-S,1826-S,736
748,1831;1850,1831;1850,1093
749,1835,1835,797
750,1836,1836,83
751,184,184,923
752,185,185,876
753,1855,1855,1213
754,186,186,194
755,186 B,186 B,194
756,1867,1867,1068
757,1871,1871,716
758,1879,1879,144
759,1886 A,1886 A,1206
760,1886-A,1886-A,1206
761,1886-AA-1887,1886-AA-1887,1244
762,1886-AA;1887,1886-AA;1887,1244
763,1887,1887,1022
764,189-A,189-A,677
765,1890,1890,559
766,1890;CS,1890;CS,1259
767,1895,1895,747
768,1900,1900,368
769,1903-S,1903-S,154
770,1913,1913,1073
771,1914,1914,1138
772,1918;2195,1918;2195,829
773,192,192,1055
774,1920,1920,398
775,1920 POD 3,1920 POD 3,288
776,1921,1921,547
777,1921 POD 3,1921 POD 3,547
778,1921-S,1921-S,547
779,1925-S,1925-S,44
780,1928 AA,1928 AA,645
781,1928-AA POD 4,1928-AA POD 4,487
782,1928-AS,1928-AS,1201
783,1928-S,1928-S,190
784,193 POD 2,193 POD 2,530
785,193 POD 3,193 POD 3,1143
786,1936,1936,577
787,1936 POD 2,1936 POD 2,25
788,1936 POD 4,1936 POD 4,577
789,194,194,40
790,194 C,194 C,40
791,1950,1950,299
792,1955,1955,198
793,1955-S,1955-S,200
794,1956-A,1956-A,20
795,1979,1979,290
796,1998,1998,1172
797,20,20,1153
798,20 POD 7,20 POD 7,875
799,20-S,20-S,1176
800,20-S2,20-S2,869
801,20-S4,20-S4,1106
802,203 POD 3,203 POD 3,603
803,2050,2050,855
804,2050 POD 2,2050 POD 2,359
805,2050;2871,2050;2871,855
806,206,206,319
807,206-A-S-3,206-A-S-3,237
808,206-AS,206-AS,685
809,206-AS2,206-AS2,1294
810,206-S,206-S,760
811,207;1402,207;1402,849
812,210,210,333
813,210-0 (POD 12),210-0 (POD 12),240
814,210-14,210-14,489
815,210-17,210-17,333
816,210-19,210-19,478
817,210-3,210-3,333
818,210-DS,210-DS,478
819,210-E-A,210-E-A,384
820,210-G,210-G,659
821,210-J,210-J,258
822,210-S,210-S,333
823,210-S2,210-S2,336
824,"210E,210F","210E,210F",417
825,210M,210M,336
826,2119,2119,373
827,212,212,913
828,2132-B,2132-B,446
829,2132-BS2,2132-BS2,788
830,2132-S3,2132-S3,1224
831,214,214,1028
832,216,216,1111
833,216;218-S,216;218-S,1111
834,2178-AA,2178-AA,499
835,220,220,990
836,220 BA,220 BA,990
837,220-AF,220-AF,1180
838,2204 POD3,2204 POD3,1335
839,2231,2231,313
840,2253,2253,122
841,2286,2286,434
842,23,23,529
843,2301,2301,1181
844,2318-11269,2318-11269,540
845,233-S,233-S,414
846,235,235,318
847,235-A,235-A,1303
848,236,236,1095
849,237,237,696
850,2375,2375,958
851,2375-S-POD4,2375-S-POD4,792
852,2375-S2,2375-S2,1077
853,2376,2376,1072
854,2376-A,2376-A,737
855,2377 POD 3,2377 POD 3,1219
856,2377-S,2377-S,896
857,238,238,1051
858,238-A,238-A,773
859,239,239,783
860,240,240,1059
861,2402,2402,920
862,2403,2403,975
863,241-C,241-C,710
864,2410 POD 7,2410 POD 7,515
865,2412,2412,38
866,2413 POD2,2413 POD2,515
867,2414 POD 8,2414 POD 8,38
868,2414-S4,2414-S4,1063
869,2415,2415,728
870,2416,2416,1171
871,2417 POD 2,2417 POD 2,12
872,2418,2418,1212
873,2419,2419,1218
874,242 POD7,242 POD7,564
875,242-S,242-S,754
876,242-S2,242-S2,753
877,242-S3,242-S3,751
878,242-S4,242-S4,719
879,2420,2420,277
880,2420-S,2420-S,853
881,2423,2423,302
882,2423 POD 3,2423 POD 3,472
883,2424,2424,739
884,2427,2427,1162
885,243;270,243;270,731
886,2456,2456,94
887,2456-S2,2456-S2,1079
888,2456-S3,2456-S3,1251
889,2456-S4,2456-S4,1338
890,2458,2458,1052
891,246,246,814
892,246-S2,246-S2,910
893,246-S3,246-S3,1263
894,2460,2460,852
895,2461,2461,132
896,2461 B,2461 B,335
897,2463,2463,758
898,2464,2464,180
899,2466,2466,362
900,2467 POD 3,2467 POD 3,803
901,2470-S,2470-S,265
902,2471;2456-S5,2471;2456-S5,1032
903,2472,2472,679
904,2473,2473,798
905,248-S,248-S,854
906,248-S4,248-S4,787
907,2480,2480,1168
908,2511,2511,563
909,252,252,21
910,2543,2543,746
911,2544,2544,706
912,2544-S2,2544-S2,1114
913,2544-S3,2544-S3,1174
914,2547,2547,811
915,2548,2548,221
916,255,255,1209
917,2555,2555,1296
918,2556,2556,90
919,2556-S,2556-S,95
920,2558,2558,1029
921,2589,2589,410
922,259,259,219
923,2594,2594,902
924,2597,2597,1056
925,2598,2598,1154
926,2598-A,2598-A,1013
927,2599,2599,1017
928,259;564,259;564,219
929,2601,2601,903
930,2601-B,2601-B,959
931,2602,2602,1221
932,2604,2604,931
933,265,265,304
934,265-BS,265-BS,954
935,2679,2679,1341
936,2679-S,2679-S,1117
937,268,268,1149
938,268-A,268-A,887
939,2684,2684,1288
940,2684 POD2,2684 POD2,394
941,2684-BA,2684-BA,882
942,2684-BE,2684-BE,1188
943,2684-BF,2684-BF,432
944,2684-BP,2684-BP,443
945,2684-E,2684-E,1306
946,2684-HA-HB,2684-HA-HB,550
947,2684-HC,2684-HC,471
948,2684-HE,2684-HE,431
949,2684-HEA,2684-HEA,467
950,2684-S,2684-S,928
951,2685,2685,235
952,271,271,292
953,271-S2,271-S2,171
954,271-S3,271-S3,259
955,2755,2755,816
956,2755-A,2755-A,1321
957,2756,2756,1260
958,276,276,216
959,"276,4222","276,4222",109
960,2767,2767,929
961,2768,2768,763
962,2769,2769,15
963,2769-S,2769-S,1040
964,276;4222,276;4222,109
965,2770,2770,764
966,279,279,1006
967,281,281,411
968,2819,2819,661
969,283,283,140
970,283-S,283-S,140
971,283-S2,283-S2,722
972,2832,2832,498
973,29,29,1044
974,291-S2,291-S2,1261
975,291-S3,291-S3,1297
976,292,292,761
977,2925-A,2925-A,683
978,2930;5077,2930;5077,793
979,294,294,864
980,297,297,730
981,297-S,297-S,1352
982,297-S2,297-S2,825
983,297-S3,297-S3,836
984,300,300,1001
985,301,301,223
986,302,302,455
987,3021,3021,1292
988,3021-S,3021-S,796
989,303,303,898
990,304,304,463
991,305,305,1157
992,307 POD 3,307 POD 3,501
993,307 POD 4,307 POD 4,360
994,307-POD2,307-POD2,166
995,308,308,1021
996,"308,309 AS2","308,309 AS2",305
997,308-309-A,308-309-A,133
998,308-309A,308-309A,78
999,3081,3081,712
1000,311,311,750
1001,3121,3121,195
1002,3123,3123,445
1003,3125-S2,3125-S2,442
1004,3127,3127,1049
1005,3128,3128,172
1006,3128-S,3128-S,1076
1007,313,313,801
1008,3131-S,3131-S,196
1009,3131-S2,3131-S2,196
1010,3132,3132,215
1011,3133-S,3133-S,388
1012,3134,3134,1353
1013,3136,3136,215
1014,3137,3137,806
1015,3169,3169,838
1016,316;317,316;317,544
1017,318,318,582
1018,3181,3181,118
1019,3181-S2,3181-S2,769
1020,3181-S4,3181-S4,1141
1021,3181-S5,3181-S5,968
1022,3181-S8,3181-S8,533
1023,319,319,749
1024,319-S,319-S,873
1025,3194,3194,1164
1026,320,320,969
1027,"320,321-S","320,321-S",231
1028,3200,3200,329
1029,3200 POD 8,3200 POD 8,1225
1030,3200 POD 9,3200 POD 9,329
1031,3200-S-5,3200-S-5,331
1032,3200-S5,3200-S5,129
1033,3200-S6,3200-S6,232
1034,3200S6,3200S6,232
1035,3202 S-5,3202 S-5,508
1036,3202-S3,3202-S3,502
1037,3219 POD2,3219 POD2,453
1038,326,326,940
1039,329,329,249
1040,33-S,33-S,1069
1041,330,330,273
1042,3312,3312,538
1043,333,333,1197
1044,335,335,301
1045,3356,3356,1271
1046,3356-A,3356-A,1018
1047,3361,3361,447
1048,3361-S,3361-S,447
1049,337,337,87
1050,3378,3378,1039
1051,338 & 828,338 & 828,568
1052,3381,3381,351
1053,3381-A,3381-A,593
1054,3381-B,3381-B,879
1055,339-B,339-B,1177
1056,3412,3412,523
1057,342,342,1237
1058,348,348,851
1059,34;36,34;36,355
1060,34;46,34;46,355
1061,352,352,18
1062,353,353,1279
1063,3556,3556,966
1064,356,356,624
1065,3566,3566,520
1066,3566-10414,3566-10414,662
1067,3567,3567,650
1068,358,358,552
1069,3584,3584,185
1070,361,361,182
1071,3636,3636,632
1072,364,364,1112
1073,3679,3679,357
1074,3680,3680,884
1075,3681A:12162,3681A:12162,317
1076,370,370,919
1077,371,371,1066
1078,371-S,371-S,524
1079,376-A,376-A,165
1080,376-AS,376-AS,821
1081,378,378,820
1082,379,379,878
1083,379-S,379-S,233
1084,379-S2,379-S2,17
1085,379-S3,379-S3,755
1086,38,38,674
1087,380,380,1280
1088,3801,3801,987
1089,3801 A,3801 A,987
1090,381,381,1167
1091,3812 POD2,3812 POD2,427
1092,382,382,167
1093,3832,3832,1254
1094,3834,3834,781
1095,3838,3838,668
1096,3838-S,3838-S,976
1097,3843-S,3843-S,927
1098,3843-S2,3843-S2,141
1099,3844,3844,735
1100,3847,3847,695
1101,385,385,217
1102,386;387,386;387,1262
1103,388,388,1140
1104,38A,38A,23
1105,39,39,671
1106,39-AB,39-AB,505
1107,39-AEA,39-AEA,671
1108,390,390,756
1109,391-POD,391-POD,316
1110,391-POD4,391-POD4,316
1111,391-S-2,391-S-2,327
1112,394,394,610
1113,394;800,394;800,610
1114,3963 POD 5,3963 POD 5,527
1115,3963 POD 6,3963 POD 6,568
1116,3965-S,3965-S,1264
1117,397,397,850
1118,3979,3979,947
1119,3993,3993,1151
1120,3997,3997,744
1121,3998,3998,984
1122,3998-S,3998-S,967
1123,3;389,3;389,1145
1124,40,40,1094
1125,401,401,289
1126,403,403,1287
1127,4033 POD 10,4033 POD 10,781
1128,4033-S,4033-S,953
1129,4033-S3,4033-S3,943
1130,4033-S6,4033-S6,1315
1131,404,404,1115
1132,404 POD9,404 POD9,395
1133,404-S,404-S,1173
1134,404-S2,404-S2,1148
1135,404-S5,404-S5,694
1136,404-S6,404-S6,922
1137,406-AA,406-AA,699
1138,406-AAS,406-AAS,699
1139,406-B-B,406-B-B,333
1140,406-BA,406-BA,397
1141,406-BC,406-BC,397
1142,407,407,151
1143,407-A,407-A,404
1144,407-S,407-S,404
1145,407AC 407AD,407AC 407AD,192
1146,410,410,1265
1147,410-S,410-S,14
1148,411,411,826
1149,4122,4122,578
1150,4144,4144,654
1151,416,416,944
1152,419,419,469
1153,420,420,1247
1154,420-POD7,420-POD7,175
1155,420-S,420-S,752
1156,420-S4,420-S4,702
1157,420-S5,420-S5,844
1158,4222,4222,109
1159,4222-POD3,4222-POD3,283
1160,423,423,839
1161,423-S,423-S,839
1162,4233,4233,956
1163,4233-A,4233-A,740
1164,4233-S,4233-S,952
1165,4233-S2,4233-S2,123
1166,4238-S2,4238-S2,407
1167,4239,4239,778
1168,4239-S,4239-S,1048
1169,4239-S4,4239-S4,1131
1170,4239-S5,4239-S5,1316
1171,4239-S6,4239-S6,1266
1172,4244,4244,892
1173,4244-S,4244-S,1199
1174,429,429,775
1175,431,431,831
1176,4327,4327,465
1177,4332,4332,945
1178,4337,4337,1327
1179,434,434,143
1180,4357,4357,780
1181,4383,4383,454
1182,4397,4397,666
1183,443-AB,443-AB,1150
1184,4478,4478,614
1185,448 POD3,448 POD3,152
1186,45,45,957
1187,450,450,817
1188,4526,4526,494
1189,4527,4527,658
1190,454,454,425
1191,4553,4553,670
1192,456-S-3,456-S-3,209
1193,456-S2,456-S2,209
1194,4574,4574,372
1195,4574-POD2,4574-POD2,372
1196,4574-POD3,4574-POD3,372
1197,458,458,843
1198,459;1817,459;1817,894
1199,462,462,1331
1200,4630,4630,1018
1201,465,465,567
1202,465 POD 3,465 POD 3,573
1203,4658;1395,4658;1395,510
1204,4663,4663,782
1205,4663 POD 12,4663 POD 12,1194
1206,4663-POD10,4663-POD10,280
1207,4663-POD11,4663-POD11,286
1208,4663-S,4663-S,1003
1209,4663-S2,4663-S2,786
1210,4663-S5,4663-S5,785
1211,4663-S6,4663-S6,824
1212,4671,4671,101
1213,4688,4688,1249
1214,4691,4691,847
1215,47,47,998
1216,47-B-A-B,47-B-A-B,517
1217,4739,4739,768
1218,474,474,777
1219,4756,4756,985
1220,475;7739,475;7739,1189
1221,476,476,260
1222,476-A,476-A,122
1223,478;669,478;669,936
1224,480,480,713
1225,489,489,145
1226,489-S2,489-S2,776
1227,489-S3,489-S3,574
1228,491,491,1081
1229,491-S2,491-S2,997
1230,4931,4931,1024
1231,4931-S,4931-S,668
1232,494,494,1147
1233,495,495,315
1234,496,496,225
1235,4969,4969,191
1236,497,497,1202
1237,497-S,497-S,1276
1238,4973,4973,314
1239,4987,4987,914
1240,4991,4991,86
1241,5022 POD 12,5022 POD 12,507
1242,5022 POD13,5022 POD13,1041
1243,5022-X10,5022-X10,183
1244,5022-X9,5022-X9,229
1245,5025,5025,939
1246,5025-S,5025-S,382
1247,5032,5032,120
1248,5035,5035,964
1249,504,504,354
1250,505-S,505-S,705
1251,505-S3,505-S3,693
1252,505-S4,505-S4,1031
1253,5078 POD2,5078 POD2,601
1254,510,510,935
1255,5104,5104,791
1256,511,511,120
1257,5110,5110,1108
1258,512,512,977
1259,5152,5152,1027
1260,5154,5154,616
1261,516pod-2,516pod-2,311
1262,519,519,995
1263,52-B,52-B,1014
1264,5233,5233,481
1265,525,525,414
1266,526 POD2,526 POD2,994
1267,531,531,103
1268,531-S2,531-S2,103
1269,534,534,548
1270,5344,5344,482
1271,535;536,535;536,1133
1272,5399,5399,1010
1273,5417,5417,54
1274,544,544,111
1275,544-S,544-S,111
1276,545,545,992
1277,546,546,314
1278,55-B,55-B,1240
1279,552,552,272
1280,552-S,552-S,272
1281,554,554,842
1282,5560,5560,238
1283,5579,5579,934
1284,558,558,1105
1285,5581,5581,755
1286,560,560,1256
1287,5613,5613,416
1288,561;562,561;562,119
1289,563,563,1267
1290,574,574,950
1291,575,575,1156
1292,575-A,575-A,909
1293,578,578,835
1294,579,579,1268
1295,57;78,57;78,224
1296,583A POD3,583A POD3,392
1297,584,584,210
1298,585,585,408
1299,589,589,1175
1300,59,59,291
1301,59-A,59-A,930
1302,59-AS,59-AS,810
1303,59-S6,59-S6,479
1304,5914,5914,578
1305,592,592,310
1306,593; 594,593; 594,1343
1307,5959,5959,629
1308,598,598,925
1309,600,600,393
1310,600-S,600-S,790
1311,6027,6027,440
1312,603,603,1270
1313,604,604,1227
1314,6114,6114,525
1315,612;613,612;613,526
1316,614,614,470
1317,614-B,614-B,470
1318,617,617,289
1319,617 POD 3,617 POD 3,387
1320,6219,6219,823
1321,623;93,623;93,757
1322,628,628,561
1323,62;59-S2,62;59-S2,982
1324,6306,6306,642
1325,633,633,874
1326,633-A,633-A,148
1327,633-A;633-AS,633-A;633-AS,148
1328,636,636,1291
1329,637 POD4,637 POD4,545
1330,6388,6388,240
1331,640,640,461
1332,6404,6404,1187
1333,642,642,673
1334,646,646,1110
1335,646-S,646-S,973
1336,648;652;653,648;652;653,708
1337,657,657,1334
1338,657-S,657-S,720
1339,659,659,1310
1340,661,661,1087
1341,662-A,662-A,1205
1342,664,664,37
1343,664-A,664-A,606
1344,664-AA,664-AA,37
1345,666,666,1057
1346,668-S,668-S,682
1347,67,67,858
1348,671,671,918
1349,6736,6736,617
1350,676,676,912
1351,678;449,678;449,682
1352,679,679,257
1353,680;684;640,680;684;640,635
1354,6854,6854,648
1355,689,689,779
1356,6892,6892,676
1357,690,690,128
1358,691,691,696
1359,7,7,1015
1360,7-S,7-S,1015
1361,701,701,1088
1362,702,702,1246
1363,703,703,1313
1364,703-A,703-A,1313
1365,705,705,1216
1366,705 POD 2,705 POD 2,155
1367,716,716,724
1368,716 POD6,716 POD6,575
1369,716-S,716-S,1086
1370,716-S3,716-S3,1118
1371,716-S4,716-S4,1116
1372,717,717,917
1373,718;854,718;854,689
1374,720,720,204
1375,720-S2,720-S2,169
1376,720-S3,720-S3,819
1377,7265,7265,489
1378,731-B,731-B,234
1379,736;737,736;737,805
1380,7374,7374,489
1381,738,738,703
1382,7385,7385,620
1383,740,740,1257
1384,740-S,740-S,296
1385,745,745,126
1386,747,747,321
1387,75,75,1100
1388,754,754,449
1389,756-S-3,756-S-3,815
1390,756-S2,756-S2,1340
1391,7590,7590,551
1392,762,762,1222
1393,763-1180,763-1180,96
1394,764-S,764-S,448
1395,768,768,656
1396,7684,7684,644
1397,77,77,926
1398,772,772,834
1399,772-S,772-S,834
1400,772-S2,772-S2,690
1401,777,777,830
1402,7770,7770,378
1403,779-S,779-S,1042
1404,779-S2,779-S2,1034
1405,785,785,76
1406,786,786,347
1407,7892,7892,580
1408,79,79,1302
1409,793,793,1137
1410,7940,7940,203
1411,798,798,272
1412,804,804,1301
1413,807,807,1333
1414,8074,8074,22
1415,81,81,1329
1416,810;1046,810;1046,1214
1417,8111-2684hef,8111-2684hef,639
1418,812,812,297
1419,812 POD3,812 POD3,723
1420,812-S,812-S,1009
1421,812/206-A,812/206-A,239
1422,813,813,356
1423,813-S,813-S,356
1424,8130,8130,637
1425,8134,8134,366
1426,8134-S,8134-S,365
1427,82,82,208
1428,"82,584;717-S","82,584;717-S",121
1429,820,820,170
1430,8201,8201,477
1431,821 POD 5,821 POD 5,367
1432,821-S,821-S,228
1433,821-S-3,821-S-3,93
1434,821-S2,821-S2,349
1435,827,827,13
1436,83,83,139
1437,830-C,830-C,1054
1438,835 POD2,835 POD2,380
1439,838,838,480
1440,849,849,612
1441,849/9247,849/9247,660
1442,85 POD1,85 POD1,571
1443,86,86,1245
1444,862,862,382
1445,862-S,862-S,795
1446,8644,8644,1008
1447,866,866,862
1448,8676/981-D,8676/981-D,638
1449,87,87,1283
1450,87-S,87-S,800
1451,870 POD 2,870 POD 2,934
1452,8707,8707,369
1453,873,873,364
1454,874,874,425
1455,874-A,874-A,425
1456,877,877,1071
1457,877-S,877-S,1242
1458,88,88,863
1459,880,880,73
1460,882,882,218
1461,8822-2684HF,8822-2684HF,608
1462,886,886,980
1463,886-S,886-S,916
1464,886/52,886/52,222
1465,89,89,91
1466,892;286-4,892;286-4,1290
1467,893,893,951
1468,893;1702,893;1702,951
1469,895,895,856
1470,896,896,609
1471,896 S,896 S,390
1472,896-B,896-B,162
1473,896-S,896-S,390
1474,897,897,1123
1475,8971,8971,386
1476,8971/9995,8971/9995,332
1477,9,9,156
1478,903 903G,903 903G,948
1479,903-E,903-E,1183
1480,903-S2,903-S2,1064
1481,905,905,43
1482,91,91,901
1483,91-S,91-S,813
1484,910-S,910-S,765
1485,9146,9146,386
1486,9148,9148,646
1487,9170,9170,581
1488,9215,9215,435
1489,9257,9257,518
1490,9292,9292,605
1491,938;938-A,938;938-A,941
1492,942-A,942-A,718
1493,9477,9477,431
1494,9516,9516,497
1495,9587,9587,562
1496,959,959,996
1497,959-S,959-S,389
1498,960,960,81
1499,967,967,174
1500,969 A,969 A,560
1501,969 B,969 B,880
1502,969-A,969-A,560
1503,969-A-B,969-A-B,376
1504,971-A,971-A,1104
1505,9739,9739,649
1506,9783,9783,551
1507,980,980,439
1508,980-C,980-C,1046
1509,9800,9800,375
1510,981,981,640
1511,981 C,981 C,592
1512,981-F,981-F,638
1513,981-S2,981-S2,262
1514,981E,981E,497
1515,982,982,1109
1516,982.S2,982.S2,1342
1517,986-A,986-A,1269
1518,988,988,899
1519,990;136;136-B,990;136;136-B,105
1520,991,991,82
1521,991-S,991-S,82
1522,994,994,236
1523,995,995,717
1524,995-S,995-S,704
1525,995-S3,995-S3,1025
1526,9957,9957,522
1527,9957-A,9957-A,522
